index,Entity,Year,Schizophrenia (%),Bipolar disorder (%),Eating disorders (%),Anxiety disorders (%),Drug use disorders (%),Depression (%),Alcohol use disorders (%)
112,Andean Latin America,1990,0.195471,0.870564,0.28782,4.217677,0.608921,2.621781,1.748912
113,Andean Latin America,1991,0.195484,0.870876,0.289362,4.220261,0.610489,2.631717,1.74391
114,Andean Latin America,1992,0.195497,0.871174,0.290563,4.222587,0.61199,2.639932,1.738703
115,Andean Latin America,1993,0.195523,0.871482,0.291833,4.224721,0.613995,2.646096,1.733697
116,Andean Latin America,1994,0.195569,0.871823,0.293111,4.22669,0.616448,2.651022,1.729266
117,Andean Latin America,1995,0.195637,0.872183,0.294516,4.228382,0.618524,2.654853,1.725643
118,Andean Latin America,1996,0.195697,0.872538,0.296237,4.22997,0.621587,2.655507,1.720921
119,Andean Latin America,1997,0.195735,0.872875,0.297929,4.23153,0.625305,2.651463,1.713773
120,Andean Latin America,1998,0.195762,0.873185,0.30013,4.232913,0.630321,2.647156,1.705295
121,Andean Latin America,1999,0.195791,0.873444,0.301996,4.23405,0.634339,2.641998,1.696533
122,Andean Latin America,2000,0.195846,0.87368,0.303785,4.235025,0.637898,2.637569,1.688634
123,Andean Latin America,2001,0.19598,0.874077,0.30527,4.23676,0.641963,2.635002,1.67907
124,Andean Latin America,2002,0.196207,0.874751,0.307078,4.239842,0.647797,2.633393,1.666052
125,Andean Latin America,2003,0.196494,0.875595,0.308966,4.24371,0.653638,2.632178,1.651636
126,Andean Latin America,2004,0.196796,0.87647,0.311293,4.247765,0.659596,2.630632,1.637763
127,Andean Latin America,2005,0.197041,0.877108,0.314079,4.250725,0.663047,2.62875,1.626136
128,Andean Latin America,2006,0.197327,0.877579,0.317318,4.252879,0.665252,2.624309,1.616266
129,Andean Latin America,2007,0.197746,0.878118,0.321958,4.255352,0.667873,2.618405,1.606861
130,Andean Latin America,2008,0.198219,0.878658,0.326929,4.257756,0.669442,2.612098,1.598278
131,Andean Latin America,2009,0.198671,0.879161,0.331577,4.259968,0.670636,2.607964,1.590828
132,Andean Latin America,2010,0.199013,0.879538,0.335297,4.261602,0.672224,2.605637,1.584707
133,Andean Latin America,2011,0.199295,0.879847,0.337862,4.262846,0.672666,2.605285,1.578811
134,Andean Latin America,2012,0.199608,0.880161,0.340893,4.26397,0.672323,2.604584,1.572009
135,Andean Latin America,2013,0.199948,0.880485,0.34413,4.265012,0.670737,2.60518,1.564438
136,Andean Latin America,2014,0.200312,0.880817,0.347463,4.265928,0.669069,2.604564,1.556634
137,Andean Latin America,2015,0.200693,0.881143,0.350127,4.266704,0.667189,2.605462,1.548874
138,Andean Latin America,2016,0.201079,0.881435,0.352935,4.267248,0.664815,2.606721,1.541201
139,Andean Latin America,2017,0.201471,0.881737,0.355475,4.267738,0.661481,2.610385,1.533573
280,Australasia,1990,0.357272,1.139509,0.688709,6.814156,2.128077,4.543521,1.404956
281,Australasia,1991,0.357778,1.14242,0.691371,6.814689,2.178211,4.587576,1.440458
282,Australasia,1992,0.358273,1.145166,0.693961,6.816471,2.224164,4.625287,1.472932
283,Australasia,1993,0.35872,1.14757,0.698179,6.818327,2.261818,4.658598,1.501013
284,Australasia,1994,0.359051,1.149378,0.702619,6.818651,2.290779,4.68352,1.523157
285,Australasia,1995,0.359224,1.150421,0.70735,6.816059,2.309022,4.700494,1.538014
286,Australasia,1996,0.359349,1.150996,0.714312,6.812276,2.31962,4.705471,1.544797
287,Australasia,1997,0.359567,1.15159,0.724977,6.81006,2.329014,4.702966,1.545275
288,Australasia,1998,0.359836,1.152157,0.738296,6.809245,2.338023,4.692476,1.542304
289,Australasia,1999,0.360103,1.152669,0.751761,6.8099,2.343375,4.686345,1.538514
290,Australasia,2000,0.360333,1.153121,0.764557,6.812291,2.343893,4.690507,1.536482
291,Australasia,2001,0.36069,1.153826,0.778788,6.840198,2.322332,4.7074,1.527198
292,Australasia,2002,0.361262,1.154949,0.796081,6.902274,2.27142,4.733244,1.505531
293,Australasia,2003,0.361901,1.156228,0.81539,6.975891,2.206237,4.764805,1.479998
294,Australasia,2004,0.36243,1.157335,0.832908,7.037718,2.143417,4.787985,1.458974
295,Australasia,2005,0.362692,1.157933,0.844886,7.064532,2.101478,4.794999,1.450884
296,Australasia,2006,0.362635,1.158176,0.855296,7.053434,2.074567,4.788031,1.459231
297,Australasia,2007,0.362396,1.158401,0.86446,7.023575,2.044542,4.769263,1.47809
298,Australasia,2008,0.362079,1.158563,0.872634,6.986595,2.018358,4.742923,1.501923
299,Australasia,2009,0.3618,1.158653,0.879941,6.954135,2.002731,4.718049,1.525189
300,Australasia,2010,0.361661,1.158571,0.88464,6.937078,2.001507,4.696325,1.542304
301,Australasia,2011,0.361582,1.158264,0.888601,6.930864,2.01336,4.679037,1.554373
302,Australasia,2012,0.361429,1.157693,0.892744,6.923868,2.034093,4.659611,1.565849
303,Australasia,2013,0.361209,1.156875,0.896443,6.916193,2.065106,4.634489,1.576682
304,Australasia,2014,0.360933,1.155825,0.899459,6.90815,2.103904,4.6113,1.586866
305,Australasia,2015,0.36062,1.154582,0.901627,6.899991,2.152178,4.58355,1.596388
306,Australasia,2016,0.360303,1.15324,0.903112,6.892254,2.209542,4.553466,1.605377
307,Australasia,2017,0.359991,1.15179,0.903106,6.884913,2.276766,4.524689,1.613586
1008,Caribbean,1990,0.193353,0.892215,0.237873,4.552197,0.731988,3.338749,1.638
1009,Caribbean,1991,0.193261,0.892355,0.236092,4.556013,0.73754,3.344202,1.643247
1010,Caribbean,1992,0.193168,0.89242,0.234706,4.559185,0.743024,3.344391,1.647712
1011,Caribbean,1993,0.193079,0.892409,0.233767,4.561675,0.747247,3.342882,1.651439
1012,Caribbean,1994,0.193004,0.89232,0.233146,4.563304,0.750577,3.338455,1.654505
1013,Caribbean,1995,0.192945,0.892139,0.23274,4.563882,0.752325,3.331546,1.656928
1014,Caribbean,1996,0.192873,0.89185,0.232821,4.562894,0.75263,3.319607,1.658346
1015,Caribbean,1997,0.192777,0.891488,0.233489,4.560618,0.751169,3.301736,1.65879
1016,Caribbean,1998,0.192672,0.891056,0.234253,4.557776,0.749196,3.279424,1.658504
1017,Caribbean,1999,0.192574,0.890561,0.235272,4.555091,0.747427,3.257268,1.657684
1018,Caribbean,2000,0.192507,0.890035,0.236044,4.553336,0.746064,3.236526,1.656587
1019,Caribbean,2001,0.192492,0.889515,0.236901,4.552435,0.745625,3.217038,1.654634
1020,Caribbean,2002,0.192521,0.889009,0.238082,4.551744,0.745733,3.198076,1.651742
1021,Caribbean,2003,0.192563,0.888501,0.239667,4.551151,0.74527,3.179615,1.648704
1022,Caribbean,2004,0.192599,0.887992,0.241113,4.550712,0.74497,3.163253,1.64635
1023,Caribbean,2005,0.192605,0.887464,0.242507,4.550332,0.743675,3.149348,1.645534
1024,Caribbean,2006,0.192685,0.887004,0.244009,4.550174,0.741453,3.136518,1.648063
1025,Caribbean,2007,0.192906,0.886705,0.245824,4.550556,0.73857,3.12354,1.653751
1026,Caribbean,2008,0.193186,0.886517,0.247903,4.551393,0.736077,3.112308,1.660522
1027,Caribbean,2009,0.19343,0.886342,0.249579,4.55246,0.733549,3.103374,1.666258
1028,Caribbean,2010,0.193588,0.886315,0.251394,4.55453,0.731544,3.098382,1.668259
1029,Caribbean,2011,0.193655,0.886211,0.252788,4.556424,0.729276,3.095358,1.667971
1030,Caribbean,2012,0.193689,0.885883,0.254113,4.557291,0.728389,3.090492,1.668059
1031,Caribbean,2013,0.193729,0.885579,0.255018,4.558261,0.728008,3.085705,1.667839
1032,Caribbean,2014,0.19377,0.885295,0.256281,4.559325,0.72853,3.08012,1.667218
1033,Caribbean,2015,0.193809,0.885035,0.25747,4.560563,0.729487,3.075191,1.666139
1034,Caribbean,2016,0.193835,0.884775,0.258529,4.561808,0.731084,3.069151,1.664501
1035,Caribbean,2017,0.193847,0.884517,0.25921,4.563041,0.733036,3.065059,1.662187
1064,Central Asia,1990,0.187859,0.667098,0.155945,2.558241,0.457992,3.007756,2.372268
1065,Central Asia,1991,0.187618,0.6672,0.153601,2.557092,0.459041,3.005743,2.363253
1066,Central Asia,1992,0.18735,0.667297,0.151002,2.556239,0.460355,3.005768,2.359692
1067,Central Asia,1993,0.187069,0.667382,0.148548,2.555672,0.461823,3.006455,2.359906
1068,Central Asia,1994,0.186778,0.667438,0.14618,2.555329,0.463677,3.007328,2.362073
1069,Central Asia,1995,0.186481,0.667451,0.143977,2.555094,0.465567,3.007577,2.364688
1070,Central Asia,1996,0.186049,0.667449,0.141386,2.554994,0.468396,3.009413,2.372037
1071,Central Asia,1997,0.185455,0.667459,0.138721,2.555175,0.472244,3.013606,2.387784
1072,Central Asia,1998,0.184854,0.667488,0.135947,2.555457,0.476465,3.017978,2.408076
1073,Central Asia,1999,0.18439,0.667541,0.133984,2.555754,0.480494,3.021292,2.429235
1074,Central Asia,2000,0.184206,0.667628,0.132972,2.555879,0.483359,3.020539,2.447628
1075,Central Asia,2001,0.184337,0.667824,0.133295,2.555846,0.485551,3.017178,2.461467
1076,Central Asia,2002,0.184675,0.668159,0.134483,2.556033,0.488047,3.013955,2.47386
1077,Central Asia,2003,0.18513,0.668562,0.13614,2.556388,0.490456,3.010753,2.48583
1078,Central Asia,2004,0.185608,0.668953,0.137946,2.556867,0.492946,3.007017,2.498004
1079,Central Asia,2005,0.186017,0.669265,0.139861,2.557367,0.494912,3.002957,2.510479
1080,Central Asia,2006,0.186469,0.669539,0.142349,2.557791,0.497863,2.997774,2.524395
1081,Central Asia,2007,0.187087,0.669886,0.145627,2.558465,0.501513,2.991279,2.539119
1082,Central Asia,2008,0.187774,0.67025,0.149631,2.559217,0.505878,2.984131,2.552112
1083,Central Asia,2009,0.188427,0.670577,0.153318,2.559934,0.509832,2.977656,2.560396
1084,Central Asia,2010,0.188945,0.670846,0.156376,2.560656,0.512492,2.974328,2.560337
1085,Central Asia,2011,0.18938,0.671082,0.158886,2.561489,0.514044,2.972443,2.553113
1086,Central Asia,2012,0.189852,0.671353,0.161369,2.562685,0.514857,2.971111,2.542247
1087,Central Asia,2013,0.190354,0.671653,0.163948,2.5642,0.515194,2.969409,2.527482
1088,Central Asia,2014,0.19087,0.671957,0.166283,2.565947,0.514931,2.968997,2.508672
1089,Central Asia,2015,0.191392,0.672275,0.168653,2.567929,0.514785,2.967975,2.485238
1090,Central Asia,2016,0.191906,0.672585,0.170697,2.569972,0.513129,2.968422,2.456701
1091,Central Asia,2017,0.192411,0.672902,0.172627,2.57219,0.511943,2.96912,2.422853
1092,Central Europe,1990,0.197952,0.70518,0.172921,3.385822,0.62068,2.577004,2.001113
1093,Central Europe,1991,0.197925,0.705404,0.171389,3.386807,0.621009,2.585486,2.011886
1094,Central Europe,1992,0.197927,0.705626,0.170442,3.387811,0.621975,2.591338,2.018926
1095,Central Europe,1993,0.197956,0.705866,0.169627,3.388722,0.624194,2.595275,2.022815
1096,Central Europe,1994,0.197999,0.706083,0.169192,3.389472,0.626385,2.597484,2.024912
1097,Central Europe,1995,0.198065,0.7063,0.169261,3.390146,0.628753,2.59741,2.02442
1098,Central Europe,1996,0.198184,0.706552,0.169891,3.390727,0.632865,2.593759,2.017047
1099,Central Europe,1997,0.198348,0.706802,0.171135,3.390868,0.63834,2.584241,2.002852
1100,Central Europe,1998,0.198547,0.70707,0.172612,3.390894,0.645722,2.571673,1.986392
1101,Central Europe,1999,0.198765,0.707352,0.17434,3.39127,0.653064,2.558325,1.97182
1102,Central Europe,2000,0.198963,0.707612,0.176033,3.392206,0.65823,2.549008,1.964562
1103,Central Europe,2001,0.199217,0.707907,0.177693,3.394692,0.662932,2.538777,1.966058
1104,Central Europe,2002,0.199577,0.708277,0.179879,3.398882,0.667933,2.526026,1.972156
1105,Central Europe,2003,0.199978,0.708648,0.182178,3.403624,0.672588,2.512741,1.980297
1106,Central Europe,2004,0.200372,0.709005,0.184651,3.407735,0.676766,2.4999,1.987956
1107,Central Europe,2005,0.200706,0.709313,0.187095,3.410126,0.679942,2.48937,1.9923
1108,Central Europe,2006,0.201078,0.709635,0.189796,3.411628,0.681896,2.481532,1.996538
1109,Central Europe,2007,0.201577,0.710083,0.192828,3.413593,0.682344,2.473322,2.003986
1110,Central Europe,2008,0.202122,0.710587,0.196483,3.415647,0.682063,2.466286,2.011477
1111,Central Europe,2009,0.202626,0.711058,0.199649,3.417391,0.680558,2.460304,2.017753
1112,Central Europe,2010,0.203001,0.711412,0.202479,3.418356,0.680138,2.45622,2.020857
1113,Central Europe,2011,0.203296,0.711686,0.204611,3.418548,0.679808,2.452247,2.021551
1114,Central Europe,2012,0.203614,0.711945,0.206911,3.41849,0.67963,2.449642,2.022511
1115,Central Europe,2013,0.203952,0.712243,0.209242,3.418113,0.679046,2.446159,2.023334
1116,Central Europe,2014,0.204307,0.712564,0.211492,3.417592,0.678772,2.443654,2.023712
1117,Central Europe,2015,0.204666,0.712869,0.213618,3.416929,0.678384,2.441591,2.02369
1118,Central Europe,2016,0.205022,0.713168,0.215519,3.416183,0.677515,2.439564,2.023013
1119,Central Europe,2017,0.205371,0.713509,0.217305,3.415223,0.677043,2.438713,2.021229
1120,"Central Europe, Eastern Europe, and Central Asia",1990,0.192558,0.681669,0.187525,3.003039,0.684754,3.397641,3.651053
1121,"Central Europe, Eastern Europe, and Central Asia",1991,0.1924,0.681684,0.185347,3.003958,0.689013,3.411459,3.673429
1122,"Central Europe, Eastern Europe, and Central Asia",1992,0.192213,0.681676,0.183187,3.004066,0.693965,3.424126,3.697444
1123,"Central Europe, Eastern Europe, and Central Asia",1993,0.191997,0.681646,0.181108,3.003393,0.699643,3.435788,3.722396
1124,"Central Europe, Eastern Europe, and Central Asia",1994,0.191783,0.681677,0.179087,3.002855,0.705134,3.443687,3.741281
1125,"Central Europe, Eastern Europe, and Central Asia",1995,0.191575,0.681729,0.177154,3.002191,0.710586,3.447024,3.754112
1126,"Central Europe, Eastern Europe, and Central Asia",1996,0.191256,0.681781,0.174914,3.000488,0.717782,3.448568,3.771539
1127,"Central Europe, Eastern Europe, and Central Asia",1997,0.190791,0.681846,0.172252,2.99749,0.726891,3.449668,3.798785
1128,"Central Europe, Eastern Europe, and Central Asia",1998,0.190304,0.681919,0.169779,2.993907,0.736936,3.44998,3.828926
1129,"Central Europe, Eastern Europe, and Central Asia",1999,0.189935,0.682024,0.168008,2.990869,0.745498,3.447496,3.850095
1130,"Central Europe, Eastern Europe, and Central Asia",2000,0.189818,0.682164,0.167549,2.989437,0.750376,3.44044,3.853104
1131,"Central Europe, Eastern Europe, and Central Asia",2001,0.189961,0.682366,0.168291,2.9898,0.753492,3.428409,3.834546
1132,"Central Europe, Eastern Europe, and Central Asia",2002,0.190248,0.68265,0.169821,2.991246,0.756755,3.412989,3.802521
1133,"Central Europe, Eastern Europe, and Central Asia",2003,0.190619,0.682991,0.171698,2.993299,0.75987,3.396075,3.766008
1134,"Central Europe, Eastern Europe, and Central Asia",2004,0.191025,0.683352,0.173831,2.995123,0.762304,3.378313,3.732531
1135,"Central Europe, Eastern Europe, and Central Asia",2005,0.191408,0.683668,0.175925,2.995894,0.763812,3.361671,3.711376
1136,"Central Europe, Eastern Europe, and Central Asia",2006,0.192002,0.683974,0.178543,2.996118,0.765004,3.343258,3.717046
1137,"Central Europe, Eastern Europe, and Central Asia",2007,0.192935,0.684327,0.181848,2.996383,0.766393,3.321594,3.748724
1138,"Central Europe, Eastern Europe, and Central Asia",2008,0.193976,0.684688,0.185741,2.996561,0.767538,3.300382,3.789921
1139,"Central Europe, Eastern Europe, and Central Asia",2009,0.19491,0.685023,0.189188,2.996517,0.767812,3.282012,3.821196
1140,"Central Europe, Eastern Europe, and Central Asia",2010,0.195512,0.685289,0.192061,2.996,0.76736,3.270053,3.825429
1141,"Central Europe, Eastern Europe, and Central Asia",2011,0.195879,0.685505,0.194227,2.994901,0.765112,3.262616,3.807216
1142,"Central Europe, Eastern Europe, and Central Asia",2012,0.196255,0.68571,0.196352,2.993301,0.761085,3.256889,3.782069
1143,"Central Europe, Eastern Europe, and Central Asia",2013,0.196627,0.685926,0.198515,2.991539,0.755123,3.251964,3.748382
1144,"Central Europe, Eastern Europe, and Central Asia",2014,0.196984,0.686148,0.20053,2.989619,0.747768,3.248311,3.704062
1145,"Central Europe, Eastern Europe, and Central Asia",2015,0.197323,0.686389,0.202417,2.987764,0.739271,3.245205,3.648088
1146,"Central Europe, Eastern Europe, and Central Asia",2016,0.197632,0.686625,0.204129,2.985787,0.729271,3.243483,3.580414
1147,"Central Europe, Eastern Europe, and Central Asia",2017,0.197898,0.686838,0.205557,2.983414,0.718708,3.243674,3.500378
1148,Central Latin America,1990,0.201762,0.781686,0.257131,2.841318,0.772197,2.620407,1.743822
1149,Central Latin America,1991,0.202131,0.782411,0.257637,2.844224,0.772639,2.634328,1.729394
1150,Central Latin America,1992,0.202471,0.783116,0.258164,2.847161,0.773578,2.647945,1.717904
1151,Central Latin America,1993,0.202767,0.783778,0.258779,2.850036,0.774199,2.660419,1.709529
1152,Central Latin America,1994,0.20301,0.784391,0.2594,2.85281,0.774915,2.67128,1.70446
1153,Central Latin America,1995,0.20319,0.784941,0.260085,2.855448,0.775689,2.680047,1.703017
1154,Central Latin America,1996,0.203267,0.785249,0.260665,2.861646,0.776003,2.688346,1.706918
1155,Central Latin America,1997,0.203251,0.785279,0.261119,2.873297,0.775514,2.69871,1.71545
1156,Central Latin America,1998,0.203195,0.785186,0.261748,2.887888,0.774895,2.709449,1.725288
1157,Central Latin America,1999,0.203156,0.785146,0.262414,2.902961,0.774728,2.719394,1.733362
1158,Central Latin America,2000,0.203197,0.785339,0.262978,2.91606,0.775131,2.726763,1.736715
1159,Central Latin America,2001,0.203329,0.785752,0.26386,2.932032,0.777569,2.733441,1.73326
1160,Central Latin America,2002,0.203508,0.786255,0.26503,2.95395,0.782117,2.739649,1.725162
1161,Central Latin America,2003,0.203716,0.786814,0.266376,2.976834,0.787708,2.745867,1.715624
1162,Central Latin America,2004,0.203934,0.787394,0.267525,2.995718,0.792791,2.750579,1.707889
1163,Central Latin America,2005,0.204137,0.787942,0.268484,3.005724,0.796745,2.753684,1.705252
1164,Central Latin America,2006,0.2044,0.788653,0.269432,3.002799,0.798668,2.748686,1.710942
1165,Central Latin America,2007,0.204776,0.789652,0.270799,2.990191,0.799644,2.735044,1.723217
1166,Central Latin America,2008,0.205197,0.790757,0.272324,2.973958,0.800039,2.717459,1.737831
1167,Central Latin America,2009,0.20559,0.791761,0.273921,2.960018,0.800478,2.701059,1.750515
1168,Central Latin America,2010,0.205872,0.792425,0.275131,2.954165,0.802074,2.69194,1.757065
1169,Central Latin America,2011,0.206084,0.792834,0.276315,2.954369,0.804007,2.688725,1.759015
1170,Central Latin America,2012,0.206319,0.79326,0.277674,2.954832,0.806595,2.686977,1.760677
1171,Central Latin America,2013,0.206575,0.793701,0.279233,2.955538,0.809602,2.686499,1.762034
1172,Central Latin America,2014,0.206842,0.794135,0.280813,2.956416,0.812624,2.687275,1.76297
1173,Central Latin America,2015,0.207121,0.794567,0.28256,2.957565,0.815663,2.689427,1.763385
1174,Central Latin America,2016,0.207399,0.794969,0.284335,2.958903,0.818735,2.692967,1.763155
1175,Central Latin America,2017,0.207671,0.795331,0.286315,2.96043,0.822284,2.697779,1.762195
1176,Central Sub-Saharan Africa,1990,0.160882,0.616842,0.117087,3.234,0.524005,4.070336,1.442868
1177,Central Sub-Saharan Africa,1991,0.160546,0.616881,0.114955,3.235834,0.527905,4.069882,1.439741
1178,Central Sub-Saharan Africa,1992,0.160178,0.616915,0.1128,3.237498,0.53079,4.069253,1.436093
1179,Central Sub-Saharan Africa,1993,0.159795,0.616956,0.110897,3.239005,0.533226,4.070483,1.43206
1180,Central Sub-Saharan Africa,1994,0.159407,0.617,0.109112,3.24022,0.534615,4.069556,1.427809
1181,Central Sub-Saharan Africa,1995,0.159031,0.617048,0.107595,3.241222,0.535091,4.069021,1.423521
1182,Central Sub-Saharan Africa,1996,0.158527,0.617096,0.105731,3.241691,0.53395,4.06657,1.41827
1183,Central Sub-Saharan Africa,1997,0.157856,0.617161,0.104003,3.242089,0.530781,4.062905,1.411263
1184,Central Sub-Saharan Africa,1998,0.157181,0.617238,0.102515,3.242443,0.52722,4.058871,1.403337
1185,Central Sub-Saharan Africa,1999,0.156659,0.61731,0.101191,3.242765,0.52287,4.05586,1.395292
1186,Central Sub-Saharan Africa,2000,0.15646,0.617384,0.100099,3.243392,0.519743,4.052887,1.387796
1187,Central Sub-Saharan Africa,2001,0.156538,0.617427,0.099822,3.244039,0.516858,4.050613,1.379322
1188,Central Sub-Saharan Africa,2002,0.156717,0.61745,0.09923,3.24495,0.513397,4.047098,1.368957
1189,Central Sub-Saharan Africa,2003,0.156957,0.617474,0.099087,3.245903,0.510231,4.045799,1.358771
1190,Central Sub-Saharan Africa,2004,0.157209,0.617508,0.098995,3.246704,0.50751,4.042299,1.350859
1191,Central Sub-Saharan Africa,2005,0.157433,0.617577,0.099638,3.247307,0.504956,4.0387,1.347282
1192,Central Sub-Saharan Africa,2006,0.157755,0.617751,0.099963,3.247545,0.503191,4.03355,1.347869
1193,Central Sub-Saharan Africa,2007,0.158255,0.618057,0.101198,3.248087,0.502181,4.024207,1.35012
1194,Central Sub-Saharan Africa,2008,0.15882,0.618428,0.102231,3.248865,0.50199,4.015256,1.353122
1195,Central Sub-Saharan Africa,2009,0.159339,0.618803,0.103548,3.249847,0.501234,4.006584,1.355932
1196,Central Sub-Saharan Africa,2010,0.159694,0.619092,0.104498,3.250925,0.501875,4.0034,1.357531
1197,Central Sub-Saharan Africa,2011,0.15993,0.619311,0.105572,3.25175,0.502391,4.003433,1.358288
1198,Central Sub-Saharan Africa,2012,0.160178,0.619568,0.106823,3.252932,0.504434,4.003474,1.358965
1199,Central Sub-Saharan Africa,2013,0.160436,0.619869,0.108566,3.25443,0.506589,4.005472,1.359519
1200,Central Sub-Saharan Africa,2014,0.16069,0.620195,0.110709,3.256252,0.508971,4.004989,1.359986
1201,Central Sub-Saharan Africa,2015,0.160928,0.620517,0.112837,3.258425,0.512525,4.008129,1.360349
1202,Central Sub-Saharan Africa,2016,0.161148,0.620851,0.115085,3.260661,0.516534,4.011804,1.360681
1203,Central Sub-Saharan Africa,2017,0.161344,0.621204,0.117588,3.263217,0.521061,4.017925,1.360875
1680,East Asia,1990,0.316337,0.315198,0.087785,3.135344,1.136745,3.555895,0.998621
1681,East Asia,1991,0.316793,0.315645,0.088906,3.139083,1.144419,3.554521,1.022249
1682,East Asia,1992,0.317272,0.316117,0.090075,3.144112,1.150077,3.551279,1.045649
1683,East Asia,1993,0.31777,0.316603,0.091289,3.149994,1.153885,3.545015,1.067473
1684,East Asia,1994,0.318264,0.317084,0.092673,3.156147,1.156361,3.535159,1.086421
1685,East Asia,1995,0.318713,0.317522,0.094083,3.162329,1.157315,3.52135,1.100892
1686,East Asia,1996,0.319152,0.317922,0.095667,3.18418,1.154346,3.502068,1.11617
1687,East Asia,1997,0.319615,0.318312,0.097568,3.227818,1.146323,3.479545,1.135799
1688,East Asia,1998,0.320101,0.318699,0.099658,3.278342,1.134716,3.455653,1.155808
1689,East Asia,1999,0.320597,0.319092,0.101822,3.320608,1.1224,3.433636,1.172158
1690,East Asia,2000,0.321083,0.319485,0.104054,3.339599,1.110926,3.416455,1.180549
1691,East Asia,2001,0.321672,0.319989,0.106253,3.330599,1.099042,3.403973,1.180573
1692,East Asia,2002,0.322419,0.320645,0.10886,3.304979,1.08525,3.393934,1.176599
1693,East Asia,2003,0.323243,0.32134,0.111539,3.271589,1.070734,3.385723,1.171422
1694,East Asia,2004,0.324018,0.321945,0.114431,3.239327,1.057511,3.379186,1.167746
1695,East Asia,2005,0.324594,0.322289,0.117286,3.217479,1.047929,3.372685,1.168094
1696,East Asia,2006,0.325172,0.322486,0.120275,3.204781,1.040444,3.372083,1.176792
1697,East Asia,2007,0.325969,0.322717,0.123398,3.193305,1.034529,3.379456,1.193278
1698,East Asia,2008,0.326877,0.322924,0.126752,3.182152,1.030007,3.389661,1.212634
1699,East Asia,2009,0.327773,0.323063,0.13023,3.170561,1.028438,3.396891,1.229806
1700,East Asia,2010,0.328522,0.323071,0.133649,3.158106,1.029106,3.39664,1.239633
1701,East Asia,2011,0.329209,0.322985,0.137092,3.144332,1.032634,3.390218,1.243576
1702,East Asia,2012,0.330001,0.322881,0.140575,3.129285,1.03897,3.381354,1.246598
1703,East Asia,2013,0.330893,0.322768,0.14435,3.11301,1.047598,3.370226,1.248496
1704,East Asia,2014,0.331872,0.322667,0.147953,3.09568,1.058784,3.356563,1.24894
1705,East Asia,2015,0.332907,0.322568,0.151683,3.077758,1.072775,3.340808,1.247432
1706,East Asia,2016,0.334014,0.322501,0.155561,3.059655,1.088912,3.322681,1.243633
1707,East Asia,2017,0.33518,0.32246,0.159511,3.041394,1.107724,3.302017,1.237431
1708,Eastern Europe,1990,0.191346,0.674665,0.206196,2.929183,0.795368,3.941907,4.88242
1709,Eastern Europe,1991,0.191148,0.674623,0.203872,2.931709,0.803834,3.965425,4.927785
1710,Eastern Europe,1992,0.190902,0.674596,0.201315,2.933551,0.81307,3.985725,4.973503
1711,Eastern Europe,1993,0.190624,0.674626,0.198757,2.93513,0.822736,4.003646,5.016793
1712,Eastern Europe,1994,0.190333,0.67472,0.19611,2.936288,0.832262,4.018495,5.055304
1713,Eastern Europe,1995,0.190041,0.67484,0.19332,2.936742,0.841803,4.029205,5.087411
1714,Eastern Europe,1996,0.189557,0.674958,0.189789,2.935239,0.853356,4.038044,5.130872
1715,Eastern Europe,1997,0.188817,0.675077,0.185175,2.931696,0.867581,4.046518,5.192075
1716,Eastern Europe,1998,0.188028,0.675215,0.180804,2.927691,0.882034,4.053004,5.254047
1717,Eastern Europe,1999,0.187401,0.675378,0.177383,2.924437,0.894033,4.056213,5.300138
1718,Eastern Europe,2000,0.187152,0.675565,0.176164,2.923305,0.90107,4.053152,5.314026
1719,Eastern Europe,2001,0.187245,0.675771,0.176777,2.924573,0.90538,4.041872,5.284729
1720,Eastern Europe,2002,0.187481,0.676022,0.178293,2.927351,0.909664,4.022681,5.225139
1721,Eastern Europe,2003,0.187817,0.676328,0.180238,2.931033,0.913653,4.000407,5.153224
1722,Eastern Europe,2004,0.188211,0.676653,0.182551,2.934482,0.916847,3.977634,5.088148
1723,Eastern Europe,2005,0.188624,0.676969,0.184816,2.936768,0.919359,3.957864,5.04952
1724,Eastern Europe,2006,0.189407,0.677291,0.187765,2.938434,0.921716,3.933751,5.061528
1725,Eastern Europe,2007,0.190715,0.677632,0.191563,2.940448,0.924846,3.901434,5.117585
1726,Eastern Europe,2008,0.1922,0.677998,0.19591,2.942821,0.927425,3.868528,5.187565
1727,Eastern Europe,2009,0.193517,0.678341,0.19979,2.94487,0.929253,3.841211,5.242516
1728,Eastern Europe,2010,0.194316,0.678626,0.202996,2.946125,0.929937,3.82521,5.253996
1729,Eastern Europe,2011,0.194738,0.678861,0.205397,2.946532,0.927718,3.81695,5.227939
1730,Eastern Europe,2012,0.195146,0.679077,0.207656,2.946396,0.922245,3.808728,5.188779
1731,Eastern Europe,2013,0.19553,0.679323,0.209889,2.946232,0.913284,3.802583,5.133392
1732,Eastern Europe,2014,0.195873,0.679591,0.21199,2.945871,0.901514,3.798952,5.060647
1733,Eastern Europe,2015,0.196169,0.679882,0.213883,2.945351,0.887288,3.797919,4.969887
1734,Eastern Europe,2016,0.196408,0.680181,0.215673,2.944617,0.870802,3.799274,4.860104
1735,Eastern Europe,2017,0.19657,0.680442,0.217029,2.94349,0.852237,3.802439,4.72986
1736,Eastern Sub-Saharan Africa,1990,0.157197,0.61569,0.098231,3.580414,0.487128,3.932781,1.545892
1737,Eastern Sub-Saharan Africa,1991,0.157199,0.615776,0.097405,3.583129,0.489581,3.937626,1.548529
1738,Eastern Sub-Saharan Africa,1992,0.157183,0.615858,0.096732,3.584512,0.491779,3.940755,1.551207
1739,Eastern Sub-Saharan Africa,1993,0.157165,0.615955,0.096113,3.585456,0.492869,3.942276,1.546961
1740,Eastern Sub-Saharan Africa,1994,0.157163,0.616115,0.095687,3.586973,0.493687,3.945369,1.542343
1741,Eastern Sub-Saharan Africa,1995,0.157171,0.616298,0.095494,3.588155,0.494658,3.950026,1.544211
1742,Eastern Sub-Saharan Africa,1996,0.157138,0.616516,0.095466,3.588616,0.495812,3.954387,1.547466
1743,Eastern Sub-Saharan Africa,1997,0.157051,0.616821,0.095529,3.589102,0.497285,3.957272,1.55
1744,Eastern Sub-Saharan Africa,1998,0.156961,0.617164,0.095627,3.589394,0.498516,3.958235,1.549402
1745,Eastern Sub-Saharan Africa,1999,0.156914,0.617503,0.095818,3.589758,0.499517,3.957936,1.548061
1746,Eastern Sub-Saharan Africa,2000,0.156952,0.617758,0.096099,3.590116,0.499585,3.955937,1.54679
1747,Eastern Sub-Saharan Africa,2001,0.157133,0.618009,0.096511,3.59034,0.498674,3.953402,1.545639
1748,Eastern Sub-Saharan Africa,2002,0.157444,0.618343,0.097126,3.590524,0.497145,3.949406,1.544567
1749,Eastern Sub-Saharan Africa,2003,0.157823,0.618718,0.09791,3.590943,0.49562,3.943865,1.543762
1750,Eastern Sub-Saharan Africa,2004,0.158203,0.619092,0.098715,3.591734,0.494259,3.937481,1.543151
1751,Eastern Sub-Saharan Africa,2005,0.15852,0.619414,0.099572,3.593114,0.49367,3.930123,1.543347
1752,Eastern Sub-Saharan Africa,2006,0.158861,0.619768,0.100451,3.594947,0.494128,3.917613,1.550365
1753,Eastern Sub-Saharan Africa,2007,0.159318,0.620231,0.101475,3.597017,0.495132,3.898707,1.566098
1754,Eastern Sub-Saharan Africa,2008,0.159826,0.620743,0.102711,3.59944,0.496196,3.877632,1.584677
1755,Eastern Sub-Saharan Africa,2009,0.160315,0.621228,0.104055,3.60216,0.497465,3.859252,1.600459
1756,Eastern Sub-Saharan Africa,2010,0.16072,0.621603,0.105322,3.605134,0.498621,3.847482,1.607956
1757,Eastern Sub-Saharan Africa,2011,0.161072,0.621906,0.10658,3.608638,0.499803,3.841162,1.6092
1758,Eastern Sub-Saharan Africa,2012,0.161445,0.622227,0.107972,3.612962,0.501139,3.835355,1.610288
1759,Eastern Sub-Saharan Africa,2013,0.161832,0.622568,0.1094,3.618185,0.50266,3.830613,1.611266
1760,Eastern Sub-Saharan Africa,2014,0.162234,0.622929,0.110943,3.624199,0.504315,3.827285,1.611974
1761,Eastern Sub-Saharan Africa,2015,0.162643,0.62329,0.112506,3.630865,0.506294,3.824851,1.612461
1762,Eastern Sub-Saharan Africa,2016,0.163052,0.623641,0.114202,3.63808,0.508325,3.824076,1.612753
1763,Eastern Sub-Saharan Africa,2017,0.163459,0.623965,0.116033,3.645706,0.510433,3.824305,1.612554
1848,England,1990,0.252077,1.103008,0.459466,4.454743,1.490712,4.266911,1.381953
1849,England,1991,0.252174,1.103326,0.462236,4.463198,1.516393,4.257338,1.407681
1850,England,1992,0.252294,1.103739,0.46555,4.471381,1.541257,4.248903,1.431018
1851,England,1993,0.252424,1.10421,0.469321,4.478619,1.564076,4.242278,1.45146
1852,England,1994,0.252559,1.10472,0.473476,4.484367,1.583888,4.237488,1.468579
1853,England,1995,0.252691,1.105248,0.477755,4.488079,1.599777,4.23489,1.481946
1854,England,1996,0.252838,1.105837,0.483176,4.491101,1.616822,4.235023,1.491971
1855,England,1997,0.253054,1.106687,0.490214,4.495465,1.639077,4.237037,1.500681
1856,England,1998,0.253294,1.107621,0.497725,4.499761,1.662373,4.239057,1.509602
1857,England,1999,0.253514,1.108452,0.504728,4.502644,1.682593,4.239828,1.520326
1858,England,2000,0.253666,1.108987,0.509862,4.502715,1.695361,4.23728,1.534372
1859,England,2001,0.253872,1.108573,0.513942,4.500332,1.705342,4.218074,1.553516
1860,England,2002,0.254259,1.10732,0.518173,4.498075,1.718335,4.179668,1.577346
1861,England,2003,0.254709,1.105819,0.522349,4.496326,1.73201,4.134578,1.604115
1862,England,2004,0.255098,1.104664,0.526185,4.495486,1.744013,4.0952,1.631907
1863,England,2005,0.25529,1.104409,0.52928,4.495794,1.751422,4.074269,1.658603
1864,England,2006,0.255071,1.104751,0.533002,4.5001,1.758019,4.074403,1.688673
1865,England,2007,0.25454,1.105194,0.538065,4.509582,1.766842,4.08604,1.724111
1866,England,2008,0.253955,1.105599,0.543296,4.52056,1.774574,4.102613,1.759089
1867,England,2009,0.25357,1.105881,0.547649,4.529527,1.777551,4.117535,1.787437
1868,England,2010,0.253641,1.105951,0.549975,4.532891,1.771694,4.123709,1.80294
1869,England,2011,0.254217,1.105838,0.550783,4.532083,1.759919,4.123528,1.808946
1870,England,2012,0.255208,1.105831,0.551681,4.531625,1.747302,4.123872,1.812881
1871,England,2013,0.256603,1.1059,0.552388,4.53152,1.73305,4.124245,1.814613
1872,England,2014,0.258395,1.106061,0.552973,4.531862,1.717792,4.124221,1.813804
1873,England,2015,0.26057,1.106305,0.553326,4.532585,1.700611,4.123838,1.810039
1874,England,2016,0.263113,1.106625,0.553328,4.533655,1.681723,4.122186,1.802944
1875,England,2017,0.266007,1.107006,0.552932,4.53493,1.660924,4.119392,1.79212
2464,High SDI,1990,0.286511,0.758063,0.425878,5.257943,1.373228,3.891438,1.557669
2465,High SDI,1991,0.286396,0.758071,0.429845,5.262282,1.368516,3.879263,1.554681
2466,High SDI,1992,0.286352,0.758082,0.433759,5.26709,1.369511,3.86945,1.551486
2467,High SDI,1993,0.28639,0.758036,0.437558,5.271368,1.375248,3.86191,1.548341
2468,High SDI,1994,0.28653,0.757898,0.441042,5.275131,1.384936,3.85708,1.545733
2469,High SDI,1995,0.286766,0.757618,0.444127,5.277657,1.397123,3.854357,1.543771
2470,High SDI,1996,0.287134,0.757286,0.447283,5.288333,1.422121,3.853839,1.543013
2471,High SDI,1997,0.287652,0.756906,0.451045,5.311223,1.463151,3.854113,1.544051
2472,High SDI,1998,0.288259,0.756521,0.455025,5.338165,1.510509,3.854994,1.546226
2473,High SDI,1999,0.288897,0.756154,0.458777,5.360972,1.554186,3.857537,1.549088
2474,High SDI,2000,0.289498,0.755808,0.46203,5.37073,1.583001,3.860448,1.552089
2475,High SDI,2001,0.290014,0.755435,0.465041,5.368276,1.600974,3.861997,1.55458
2476,High SDI,2002,0.290468,0.754974,0.46849,5.36184,1.617612,3.861365,1.556534
2477,High SDI,2003,0.290888,0.754489,0.471994,5.354266,1.633138,3.859413,1.558301
2478,High SDI,2004,0.291288,0.754067,0.475164,5.348462,1.646793,3.858155,1.560227
2479,High SDI,2005,0.291683,0.753727,0.477756,5.346779,1.657595,3.85835,1.562854
2480,High SDI,2006,0.292124,0.753446,0.480071,5.345244,1.663364,3.861072,1.566348
2481,High SDI,2007,0.292595,0.75316,0.482628,5.339133,1.663793,3.865047,1.570007
2482,High SDI,2008,0.293066,0.752874,0.485304,5.331107,1.662779,3.869703,1.573604
2483,High SDI,2009,0.293516,0.752529,0.487599,5.324056,1.663824,3.873861,1.576814
2484,High SDI,2010,0.293916,0.752105,0.489345,5.320233,1.670229,3.877417,1.579348
2485,High SDI,2011,0.294248,0.751645,0.490507,5.318973,1.68303,3.881325,1.581327
2486,High SDI,2012,0.294479,0.751229,0.49142,5.317796,1.700211,3.887342,1.583437
2487,High SDI,2013,0.29462,0.750842,0.492185,5.316654,1.721909,3.894991,1.585374
2488,High SDI,2014,0.294682,0.750466,0.492832,5.315763,1.747722,3.904748,1.586836
2489,High SDI,2015,0.294665,0.750087,0.493145,5.314827,1.776537,3.915474,1.58747
2490,High SDI,2016,0.29456,0.749726,0.492943,5.314383,1.807539,3.927396,1.587746
2491,High SDI,2017,0.294427,0.749471,0.492632,5.313508,1.842886,3.942007,1.58634
2492,High-income,1990,0.285858,0.7908,0.456168,5.579337,1.41063,4.055427,1.540008
2493,High-income,1991,0.285601,0.791111,0.460642,5.585111,1.404765,4.042718,1.539089
2494,High-income,1992,0.285413,0.791463,0.465067,5.591325,1.405191,4.032753,1.538303
2495,High-income,1993,0.285305,0.791798,0.469447,5.597038,1.410808,4.025445,1.53768
2496,High-income,1994,0.2853,0.792078,0.473492,5.602135,1.420799,4.021191,1.537385
2497,High-income,1995,0.285389,0.792222,0.477101,5.605756,1.43361,4.019204,1.537252
2498,High-income,1996,0.285621,0.792321,0.480839,5.617773,1.459905,4.019607,1.538349
2499,High-income,1997,0.286006,0.792431,0.485223,5.64274,1.50329,4.021194,1.541931
2500,High-income,1998,0.286471,0.792563,0.489849,5.671994,1.553536,4.023432,1.546915
2501,High-income,1999,0.286953,0.792716,0.494222,5.696888,1.600127,4.02761,1.552436
2502,High-income,2000,0.287379,0.792883,0.497926,5.708258,1.631089,4.032005,1.557661
2503,High-income,2001,0.287694,0.792972,0.501241,5.707283,1.650607,4.035126,1.561913
2504,High-income,2002,0.287913,0.792975,0.505016,5.70303,1.668844,4.036331,1.565454
2505,High-income,2003,0.288075,0.792965,0.508743,5.698045,1.685985,4.036288,1.568622
2506,High-income,2004,0.288207,0.793008,0.512171,5.69488,1.701052,4.036746,1.571771
2507,High-income,2005,0.28833,0.793166,0.515005,5.695624,1.712873,4.038269,1.575509
2508,High-income,2006,0.288491,0.793383,0.517555,5.695749,1.719141,4.041481,1.577573
2509,High-income,2007,0.288666,0.793583,0.520432,5.690852,1.719308,4.045763,1.576267
2510,High-income,2008,0.288835,0.793741,0.523398,5.683684,1.717749,4.050204,1.573433
2511,High-income,2009,0.288982,0.793778,0.525964,5.677416,1.718093,4.054091,1.570996
2512,High-income,2010,0.289089,0.793693,0.527763,5.674916,1.723956,4.057525,1.571166
2513,High-income,2011,0.289135,0.79349,0.528836,5.675161,1.736268,4.061211,1.573049
2514,High-income,2012,0.289082,0.793268,0.529562,5.675471,1.752974,4.066655,1.574767
2515,High-income,2013,0.28895,0.793,0.529955,5.675777,1.774144,4.073469,1.57614
2516,High-income,2014,0.288753,0.792687,0.530185,5.676245,1.799425,4.082268,1.576978
2517,High-income,2015,0.288489,0.79236,0.529983,5.676707,1.827808,4.092054,1.577082
2518,High-income,2016,0.288161,0.791974,0.529162,5.677262,1.858439,4.102747,1.576936
2519,High-income,2017,0.28782,0.791747,0.528244,5.677996,1.893491,4.116486,1.575279
2520,High-income Asia Pacific,1990,0.279712,0.650052,0.369153,3.592068,0.846949,3.007552,0.959272
2521,High-income Asia Pacific,1991,0.279583,0.650441,0.376123,3.595673,0.846746,3.008488,0.969009
2522,High-income Asia Pacific,1992,0.279564,0.650945,0.382547,3.599116,0.846943,3.008507,0.975755
2523,High-income Asia Pacific,1993,0.27959,0.651449,0.388739,3.602247,0.847451,3.008748,0.980822
2524,High-income Asia Pacific,1994,0.279656,0.651876,0.39433,3.605014,0.848182,3.007465,0.984671
2525,High-income Asia Pacific,1995,0.279749,0.65218,0.399323,3.60724,0.848908,3.00599,0.987045
2526,High-income Asia Pacific,1996,0.279909,0.65244,0.40371,3.607138,0.850217,2.999152,0.987934
2527,High-income Asia Pacific,1997,0.280195,0.652777,0.408407,3.604069,0.850519,2.984171,0.987678
2528,High-income Asia Pacific,1998,0.280527,0.653142,0.412689,3.600317,0.851206,2.967327,0.987561
2529,High-income Asia Pacific,1999,0.280839,0.653479,0.416372,3.597823,0.852179,2.954511,0.988591
2530,High-income Asia Pacific,2000,0.281063,0.653728,0.419246,3.598071,0.853077,2.951622,0.991143
2531,High-income Asia Pacific,2001,0.281133,0.653795,0.42127,3.595649,0.853489,2.958302,0.997316
2532,High-income Asia Pacific,2002,0.281111,0.653744,0.423049,3.586753,0.854282,2.969221,1.006044
2533,High-income Asia Pacific,2003,0.281051,0.653595,0.424697,3.575651,0.855319,2.981618,1.015844
2534,High-income Asia Pacific,2004,0.281036,0.653457,0.42607,3.566702,0.856366,2.99377,1.023967
2535,High-income Asia Pacific,2005,0.281135,0.653389,0.42783,3.564174,0.857791,3.00442,1.028395
2536,High-income Asia Pacific,2006,0.282165,0.653486,0.430163,3.57196,0.861228,3.015222,1.028259
2537,High-income Asia Pacific,2007,0.284362,0.653724,0.432852,3.587248,0.866552,3.029113,1.024415
2538,High-income Asia Pacific,2008,0.286935,0.65393,0.435821,3.605179,0.873369,3.044433,1.02003
2539,High-income Asia Pacific,2009,0.289117,0.654049,0.438693,3.620905,0.880153,3.060964,1.016881
2540,High-income Asia Pacific,2010,0.290148,0.653976,0.440753,3.629393,0.885198,3.07747,1.017191
2541,High-income Asia Pacific,2011,0.290207,0.653703,0.442326,3.632128,0.889186,3.095441,1.020412
2542,High-income Asia Pacific,2012,0.290011,0.653415,0.443441,3.634204,0.89342,3.117786,1.024512
2543,High-income Asia Pacific,2013,0.289543,0.653074,0.444694,3.635871,0.897774,3.142207,1.029643
2544,High-income Asia Pacific,2014,0.288799,0.652729,0.445427,3.637065,0.90253,3.170913,1.034954
2545,High-income Asia Pacific,2015,0.287779,0.652422,0.446327,3.637654,0.907558,3.201251,1.040364
2546,High-income Asia Pacific,2016,0.286475,0.652166,0.446584,3.637644,0.912167,3.235259,1.045482
2547,High-income Asia Pacific,2017,0.284882,0.651939,0.446689,3.636742,0.916817,3.27099,1.050259
2548,High-middle SDI,1990,0.255661,0.55969,0.156116,3.592738,0.967014,3.650088,2.020416
2549,High-middle SDI,1991,0.256315,0.560306,0.156386,3.598753,0.973547,3.653832,2.028514
2550,High-middle SDI,1992,0.257051,0.560644,0.156745,3.600864,0.978985,3.654812,2.038612
2551,High-middle SDI,1993,0.257788,0.561072,0.157277,3.605857,0.984381,3.655163,2.046304
2552,High-middle SDI,1994,0.258498,0.56152,0.157929,3.614015,0.989882,3.654789,2.048785
2553,High-middle SDI,1995,0.259155,0.561851,0.158607,3.623134,0.995166,3.652074,2.046297
2554,High-middle SDI,1996,0.259735,0.562068,0.159593,3.643945,0.999946,3.649524,2.04686
2555,High-middle SDI,1997,0.260225,0.562324,0.160793,3.680567,1.004289,3.648676,2.055691
2556,High-middle SDI,1998,0.260713,0.562528,0.162161,3.723543,1.00814,3.648126,2.066196
2557,High-middle SDI,1999,0.261227,0.562629,0.163713,3.762716,1.011687,3.647691,2.071221
2558,High-middle SDI,2000,0.261754,0.562695,0.165447,3.787585,1.014429,3.645307,2.065237
2559,High-middle SDI,2001,0.26238,0.56271,0.167364,3.797399,1.017922,3.643352,2.045852
2560,High-middle SDI,2002,0.263088,0.56289,0.169781,3.800091,1.022409,3.642956,2.018559
2561,High-middle SDI,2003,0.263823,0.563356,0.172375,3.799614,1.027464,3.643404,1.988732
2562,High-middle SDI,2004,0.264548,0.563885,0.175263,3.798089,1.03237,3.643229,1.961606
2563,High-middle SDI,2005,0.265176,0.564303,0.178172,3.798054,1.0365,3.64041,1.942521
2564,High-middle SDI,2006,0.265938,0.564904,0.181537,3.802386,1.041698,3.634548,1.937393
2565,High-middle SDI,2007,0.266953,0.566108,0.185653,3.810106,1.051977,3.626371,1.943095
2566,High-middle SDI,2008,0.268071,0.567642,0.190237,3.819224,1.064434,3.617555,1.952619
2567,High-middle SDI,2009,0.269086,0.569385,0.194808,3.827242,1.079184,3.609197,1.957931
2568,High-middle SDI,2010,0.269933,0.57061,0.198685,3.830467,1.086851,3.6031,1.954365
2569,High-middle SDI,2011,0.270607,0.571809,0.202329,3.829895,1.093257,3.59877,1.942049
2570,High-middle SDI,2012,0.271294,0.573286,0.206115,3.827849,1.10066,3.594609,1.92712
2571,High-middle SDI,2013,0.272003,0.574908,0.210081,3.824069,1.108443,3.590377,1.909803
2572,High-middle SDI,2014,0.27276,0.57643,0.213902,3.817487,1.11616,3.585556,1.889729
2573,High-middle SDI,2015,0.273527,0.577872,0.217754,3.808405,1.124029,3.580021,1.8659
2574,High-middle SDI,2016,0.274292,0.579325,0.221585,3.797694,1.132191,3.574269,1.838081
2575,High-middle SDI,2017,0.275017,0.580783,0.225377,3.785157,1.140474,3.568498,1.80594
3108,Latin America and Caribbean,1990,0.199823,0.92534,0.248372,4.248789,0.817094,3.055317,2.007272
3109,Latin America and Caribbean,1991,0.200116,0.925958,0.248898,4.245762,0.819511,3.059254,2.003447
3110,Latin America and Caribbean,1992,0.200387,0.926579,0.249496,4.244894,0.821957,3.064915,2.002382
3111,Latin America and Caribbean,1993,0.200625,0.927171,0.250178,4.245486,0.823916,3.071705,2.003832
3112,Latin America and Caribbean,1994,0.200822,0.927711,0.250955,4.247023,0.825536,3.078372,2.007531
3113,Latin America and Caribbean,1995,0.200967,0.928172,0.251691,4.249037,0.826622,3.08455,2.013307
3114,Latin America and Caribbean,1996,0.201043,0.928481,0.252564,4.270179,0.827269,3.109976,2.026731
3115,Latin America and Caribbean,1997,0.201062,0.928631,0.253715,4.319169,0.827523,3.163825,2.049189
3116,Latin America and Caribbean,1998,0.201055,0.928676,0.255023,4.380536,0.827779,3.226835,2.074454
3117,Latin America and Caribbean,1999,0.201052,0.92869,0.256219,4.438888,0.828243,3.280109,2.09623
3118,Latin America and Caribbean,2000,0.201091,0.928753,0.257219,4.478862,0.828834,3.3051,2.108278
3119,Latin America and Caribbean,2001,0.201189,0.928878,0.258151,4.508539,0.830947,3.30867,2.109106
3120,Latin America and Caribbean,2002,0.20133,0.929043,0.259254,4.542495,0.834896,3.310183,2.103779
3121,Latin America and Caribbean,2003,0.201499,0.929225,0.260444,4.574754,0.839412,3.309623,2.095827
3122,Latin America and Caribbean,2004,0.201677,0.929387,0.261679,4.599191,0.843651,3.306416,2.0887
3123,Latin America and Caribbean,2005,0.201841,0.929472,0.262919,4.609743,0.846626,3.30066,2.085886
3124,Latin America and Caribbean,2006,0.202081,0.929652,0.264436,4.608349,0.849773,3.271304,2.089135
3125,Latin America and Caribbean,2007,0.202453,0.930066,0.266744,4.602559,0.854645,3.211396,2.096133
3126,Latin America and Caribbean,2008,0.20288,0.93058,0.269306,4.594548,0.860046,3.139063,2.104359
3127,Latin America and Caribbean,2009,0.203275,0.931015,0.271856,4.586316,0.86485,3.072673,2.111224
3128,Latin America and Caribbean,2010,0.203554,0.931203,0.273947,4.579832,0.868346,3.031652,2.114193
3129,Latin America and Caribbean,2011,0.203751,0.93117,0.275736,4.57186,0.870368,3.010447,2.11396
3130,Latin America and Caribbean,2012,0.203958,0.931099,0.277684,4.558663,0.872571,2.99203,2.112906
3131,Latin America and Caribbean,2013,0.204178,0.931003,0.279664,4.541012,0.874953,2.976303,2.111086
3132,Latin America and Caribbean,2014,0.204407,0.930871,0.281654,4.519525,0.877434,2.963343,2.108649
3133,Latin America and Caribbean,2015,0.204643,0.93072,0.283628,4.494938,0.879798,2.954018,2.105678
3134,Latin America and Caribbean,2016,0.204877,0.930535,0.285574,4.467768,0.882183,2.948299,2.10213
3135,Latin America and Caribbean,2017,0.205103,0.930317,0.287486,4.438636,0.884335,2.946384,2.097731
3304,Low SDI,1990,0.21537,0.583572,0.09962,3.492476,0.514759,3.707441,1.334723
3305,Low SDI,1991,0.215244,0.583916,0.099232,3.490965,0.514289,3.722886,1.343282
3306,Low SDI,1992,0.215013,0.584481,0.098973,3.492296,0.517438,3.738661,1.35016
3307,Low SDI,1993,0.214845,0.584995,0.098712,3.494115,0.521036,3.751748,1.353884
3308,Low SDI,1994,0.21471,0.585278,0.098571,3.494011,0.522862,3.761517,1.356744
3309,Low SDI,1995,0.214477,0.585594,0.098524,3.4945,0.524462,3.768663,1.359322
3310,Low SDI,1996,0.214164,0.585939,0.098528,3.495124,0.527175,3.774374,1.362907
3311,Low SDI,1997,0.213778,0.586294,0.098698,3.495648,0.530734,3.780693,1.368723
3312,Low SDI,1998,0.213425,0.58661,0.098893,3.496114,0.534662,3.787433,1.374231
3313,Low SDI,1999,0.213151,0.58682,0.099274,3.496102,0.536733,3.792945,1.378601
3314,Low SDI,2000,0.212965,0.587009,0.099652,3.497135,0.537473,3.796839,1.379847
3315,Low SDI,2001,0.212848,0.587245,0.100222,3.500099,0.537672,3.801708,1.377809
3316,Low SDI,2002,0.212741,0.587647,0.100759,3.50597,0.539895,3.809814,1.373788
3317,Low SDI,2003,0.212671,0.588081,0.101455,3.512576,0.542908,3.818569,1.369278
3318,Low SDI,2004,0.212656,0.588421,0.102156,3.517775,0.544744,3.82425,1.365622
3319,Low SDI,2005,0.21262,0.588798,0.102958,3.522287,0.54725,3.826093,1.363282
3320,Low SDI,2006,0.212631,0.589137,0.103875,3.522379,0.548797,3.803499,1.354953
3321,Low SDI,2007,0.212706,0.589552,0.105025,3.518942,0.55057,3.75217,1.336053
3322,Low SDI,2008,0.212784,0.590072,0.106326,3.51508,0.553313,3.691784,1.312886
3323,Low SDI,2009,0.212841,0.590558,0.107734,3.512018,0.555909,3.640829,1.292341
3324,Low SDI,2010,0.212826,0.59099,0.109158,3.512378,0.558583,3.619842,1.280411
3325,Low SDI,2011,0.212708,0.591406,0.110542,3.515536,0.561338,3.619885,1.27523
3326,Low SDI,2012,0.212512,0.591852,0.11214,3.519039,0.564444,3.619497,1.270908
3327,Low SDI,2013,0.212253,0.592327,0.113883,3.522969,0.568074,3.61843,1.26719
3328,Low SDI,2014,0.211956,0.592799,0.115793,3.526939,0.5714,3.617316,1.264453
3329,Low SDI,2015,0.211617,0.593265,0.117784,3.530809,0.574529,3.616471,1.263113
3330,Low SDI,2016,0.211215,0.593789,0.119906,3.535258,0.577892,3.616096,1.26333
3331,Low SDI,2017,0.210762,0.594374,0.122071,3.540415,0.581596,3.616999,1.265128
3332,Low-middle SDI,1990,0.232099,0.5933,0.118417,3.57404,0.691031,3.754734,1.322809
3333,Low-middle SDI,1991,0.232072,0.593931,0.118533,3.574745,0.692903,3.779557,1.329786
3334,Low-middle SDI,1992,0.231997,0.594654,0.118736,3.576755,0.695766,3.802077,1.336479
3335,Low-middle SDI,1993,0.231929,0.595318,0.119102,3.577893,0.698366,3.820474,1.343077
3336,Low-middle SDI,1994,0.231845,0.595954,0.119523,3.578877,0.700362,3.833483,1.348727
3337,Low-middle SDI,1995,0.231736,0.596559,0.120112,3.579616,0.701807,3.840012,1.352745
3338,Low-middle SDI,1996,0.231598,0.597173,0.120862,3.58139,0.703992,3.845541,1.359187
3339,Low-middle SDI,1997,0.231439,0.597805,0.121876,3.585021,0.706909,3.854001,1.37015
3340,Low-middle SDI,1998,0.231272,0.598397,0.12299,3.589451,0.709889,3.863318,1.382342
3341,Low-middle SDI,1999,0.231103,0.598955,0.124228,3.594197,0.711856,3.870891,1.392602
3342,Low-middle SDI,2000,0.230933,0.599491,0.125385,3.598521,0.711461,3.874469,1.397732
3343,Low-middle SDI,2001,0.230829,0.600069,0.126644,3.603048,0.709252,3.877117,1.39814
3344,Low-middle SDI,2002,0.230831,0.600722,0.128149,3.608282,0.706497,3.881795,1.396927
3345,Low-middle SDI,2003,0.230897,0.601422,0.129752,3.613582,0.70314,3.886278,1.394861
3346,Low-middle SDI,2004,0.230962,0.602152,0.131547,3.618865,0.700501,3.889273,1.39253
3347,Low-middle SDI,2005,0.230983,0.602807,0.133293,3.622626,0.698337,3.888824,1.390908
3348,Low-middle SDI,2006,0.231037,0.603454,0.135246,3.625317,0.697614,3.865186,1.382291
3349,Low-middle SDI,2007,0.231181,0.604239,0.137475,3.629081,0.700001,3.813357,1.362531
3350,Low-middle SDI,2008,0.231351,0.605099,0.140014,3.63333,0.704028,3.75187,1.338429
3351,Low-middle SDI,2009,0.231491,0.605954,0.142486,3.637169,0.70842,3.699009,1.316771
3352,Low-middle SDI,2010,0.231522,0.606723,0.14477,3.640068,0.711994,3.673509,1.30399
3353,Low-middle SDI,2011,0.231419,0.607459,0.14699,3.642303,0.714966,3.667883,1.297742
3354,Low-middle SDI,2012,0.231235,0.608231,0.149278,3.644238,0.717984,3.662054,1.291724
3355,Low-middle SDI,2013,0.230989,0.609007,0.151699,3.645526,0.720414,3.655466,1.286304
3356,Low-middle SDI,2014,0.230688,0.609802,0.154017,3.646228,0.722446,3.649061,1.281669
3357,Low-middle SDI,2015,0.23033,0.610615,0.156423,3.646394,0.724233,3.642477,1.277965
3358,Low-middle SDI,2016,0.229915,0.611454,0.158711,3.646258,0.725702,3.636312,1.275253
3359,Low-middle SDI,2017,0.229452,0.612316,0.161039,3.645971,0.727076,3.63161,1.273662
3724,Middle SDI,1990,0.257978,0.505895,0.124954,3.29296,0.892063,3.300845,1.12296
3725,Middle SDI,1991,0.258211,0.50746,0.126034,3.294412,0.897009,3.307106,1.136268
3726,Middle SDI,1992,0.25843,0.509204,0.127181,3.296732,0.900617,3.311477,1.14984
3727,Middle SDI,1993,0.258628,0.510996,0.12833,3.299628,0.902939,3.313273,1.162858
3728,Middle SDI,1994,0.258768,0.512797,0.129644,3.303089,0.903898,3.312778,1.174804
3729,Middle SDI,1995,0.258806,0.514636,0.13099,3.307194,0.903272,3.308847,1.184809
3730,Middle SDI,1996,0.258823,0.516395,0.132541,3.318815,0.900765,3.302319,1.19674
3731,Middle SDI,1997,0.258887,0.518015,0.134191,3.340553,0.89613,3.295264,1.212563
3732,Middle SDI,1998,0.258959,0.519472,0.135985,3.365554,0.890189,3.287543,1.228866
3733,Middle SDI,1999,0.259005,0.52078,0.137851,3.387463,0.883123,3.280745,1.242233
3734,Middle SDI,2000,0.258971,0.522026,0.139575,3.399744,0.87553,3.274661,1.249286
3735,Middle SDI,2001,0.258947,0.523264,0.141317,3.401529,0.866948,3.271535,1.250209
3736,Middle SDI,2002,0.259019,0.524547,0.143334,3.39823,0.857534,3.271015,1.24832
3737,Middle SDI,2003,0.259146,0.525931,0.145433,3.392401,0.848222,3.271931,1.245381
3738,Middle SDI,2004,0.259259,0.527396,0.147609,3.38678,0.83977,3.272996,1.243199
3739,Middle SDI,2005,0.259252,0.528891,0.149744,3.3839,0.833308,3.271162,1.243186
3740,Middle SDI,2006,0.259237,0.530446,0.152041,3.382055,0.828208,3.261974,1.245239
3741,Middle SDI,2007,0.259354,0.53202,0.154678,3.378035,0.823418,3.244631,1.247872
3742,Middle SDI,2008,0.259525,0.533615,0.157503,3.373095,0.819317,3.22418,1.250268
3743,Middle SDI,2009,0.259671,0.535324,0.160384,3.369057,0.817052,3.206224,1.251659
3744,Middle SDI,2010,0.259735,0.537008,0.163181,3.366229,0.816516,3.195954,1.251646
3745,Middle SDI,2011,0.259769,0.538597,0.165905,3.363499,0.817307,3.19223,1.250901
3746,Middle SDI,2012,0.259842,0.54011,0.168761,3.359578,0.818771,3.18847,1.250148
3747,Middle SDI,2013,0.259923,0.541672,0.171834,3.355515,0.821044,3.185119,1.249178
3748,Middle SDI,2014,0.259997,0.543342,0.174989,3.351755,0.824338,3.182369,1.24785
3749,Middle SDI,2015,0.260042,0.545033,0.178082,3.348,0.828643,3.179851,1.246061
3750,Middle SDI,2016,0.260077,0.54677,0.181277,3.344933,0.834179,3.178343,1.243884
3751,Middle SDI,2017,0.260102,0.54853,0.184486,3.342456,0.840859,3.177827,1.241516
4116,North Africa and Middle East,1990,0.19078,0.784662,0.173637,4.876891,1.351526,3.944411,0.662368
4117,North Africa and Middle East,1991,0.19076,0.785004,0.173391,4.8745,1.364436,3.949884,0.662577
4118,North Africa and Middle East,1992,0.190656,0.784638,0.173023,4.864501,1.377408,3.950518,0.662282
4119,North Africa and Middle East,1993,0.190585,0.784467,0.172876,4.859532,1.391323,3.952666,0.662
4120,North Africa and Middle East,1994,0.190622,0.784682,0.173144,4.860479,1.404863,3.955509,0.661862
4121,North Africa and Middle East,1995,0.190691,0.784911,0.173713,4.862838,1.418295,3.957493,0.661761
4122,North Africa and Middle East,1996,0.190827,0.785172,0.175182,4.86428,1.433136,3.958683,0.661628
4123,North Africa and Middle East,1997,0.191047,0.78549,0.177056,4.863603,1.449173,3.960002,0.661347
4124,North Africa and Middle East,1998,0.191316,0.785868,0.179297,4.863303,1.465793,3.96102,0.660931
4125,North Africa and Middle East,1999,0.191606,0.78634,0.181605,4.865105,1.48033,3.96303,0.660365
4126,North Africa and Middle East,2000,0.191835,0.786719,0.183293,4.869897,1.49155,3.965118,0.659583
4127,North Africa and Middle East,2001,0.19209,0.787046,0.184643,4.878227,1.503559,3.970088,0.658077
4128,North Africa and Middle East,2002,0.192415,0.787327,0.186094,4.888325,1.519033,3.97816,0.655726
4129,North Africa and Middle East,2003,0.192781,0.787686,0.187554,4.900313,1.536613,3.98762,0.653084
4130,North Africa and Middle East,2004,0.193139,0.788085,0.189216,4.910946,1.55195,3.99438,0.650668
4131,North Africa and Middle East,2005,0.193375,0.788482,0.190772,4.917258,1.56137,3.995335,0.648993
4132,North Africa and Middle East,2006,0.193604,0.789094,0.192823,4.92864,1.574164,3.990885,0.649097
4133,North Africa and Middle East,2007,0.193916,0.789552,0.195699,4.94664,1.602306,3.982045,0.651336
4134,North Africa and Middle East,2008,0.194226,0.789814,0.198842,4.966172,1.637206,3.971026,0.654435
4135,North Africa and Middle East,2009,0.194543,0.7901,0.201667,4.979543,1.672622,3.958931,0.65741
4136,North Africa and Middle East,2010,0.194732,0.790295,0.203702,4.986,1.689199,3.952346,0.658587
4137,North Africa and Middle East,2011,0.194872,0.790341,0.205312,4.984281,1.698143,3.949021,0.65881
4138,North Africa and Middle East,2012,0.195024,0.790473,0.207005,4.981978,1.706613,3.947396,0.659133
4139,North Africa and Middle East,2013,0.19517,0.790706,0.208652,4.979158,1.713614,3.948239,0.659389
4140,North Africa and Middle East,2014,0.195315,0.790871,0.210222,4.974255,1.717709,3.950939,0.659516
4141,North Africa and Middle East,2015,0.195468,0.791039,0.211863,4.96663,1.718428,3.954431,0.659575
4142,North Africa and Middle East,2016,0.195606,0.791202,0.213108,4.956391,1.716903,3.959267,0.659502
4143,North Africa and Middle East,2017,0.19572,0.791333,0.214377,4.943838,1.712406,3.96541,0.659221
4144,North America,1990,0.338205,0.659901,0.466116,6.475043,2.311892,4.620182,2.110024
4145,North America,1991,0.336423,0.660179,0.470496,6.453586,2.292686,4.605731,2.077879
4146,North America,1992,0.335019,0.660456,0.474969,6.438004,2.289076,4.598424,2.048789
4147,North America,1993,0.334004,0.6607,0.479457,6.428485,2.298329,4.596013,2.023653
4148,North America,1994,0.333408,0.6609,0.483773,6.42558,2.31791,4.597051,2.00354
4149,North America,1995,0.333258,0.661004,0.487567,6.42939,2.345129,4.5987,1.989398
4150,North America,1996,0.333662,0.66104,0.491614,6.469919,2.408444,4.609834,1.981858
4151,North America,1997,0.334562,0.661022,0.496025,6.555841,2.515939,4.634026,1.97984
4152,North America,1998,0.335733,0.660973,0.500678,6.656179,2.63868,4.663043,1.981655
4153,North America,1999,0.336939,0.660894,0.504989,6.73978,2.748437,4.689884,1.985572
4154,North America,2000,0.337943,0.660786,0.50857,6.775042,2.814857,4.70511,1.989869
4155,North America,2001,0.338558,0.660692,0.511871,6.775698,2.848463,4.710114,1.995428
4156,North America,2002,0.338832,0.660603,0.51575,6.775812,2.876292,4.710914,2.003115
4157,North America,2003,0.338884,0.660513,0.519719,6.77517,2.900351,4.710262,2.011177
4158,North America,2004,0.338831,0.660416,0.523016,6.773522,2.918776,4.710066,2.017883
4159,North America,2005,0.338792,0.660311,0.524832,6.770413,2.932149,4.713106,2.021458
4160,North America,2006,0.338429,0.66017,0.525899,6.746773,2.932681,4.713124,2.015667
4161,North America,2007,0.337546,0.65998,0.526861,6.695302,2.919618,4.705089,1.999785
4162,North America,2008,0.336477,0.659763,0.527656,6.633878,2.903247,4.694171,1.980455
4163,North America,2009,0.335547,0.659533,0.528097,6.58016,2.893915,4.68335,1.964265
4164,North America,2010,0.335089,0.659324,0.528075,6.551747,2.901403,4.678724,1.957854
4165,North America,2011,0.334908,0.659115,0.527315,6.541696,2.92761,4.679545,1.959075
4166,North America,2012,0.334608,0.658898,0.525855,6.531561,2.968281,4.682831,1.961453
4167,North America,2013,0.334215,0.658674,0.523568,6.521737,3.021604,4.689744,1.965213
4168,North America,2014,0.333742,0.65844,0.521012,6.512462,3.086376,4.699533,1.970527
4169,North America,2015,0.333206,0.658197,0.517583,6.503954,3.161712,4.713244,1.977545
4170,North America,2016,0.332633,0.657948,0.513733,6.49664,3.245661,4.730472,1.986533
4171,North America,2017,0.33204,0.657692,0.50947,6.490707,3.338079,4.752802,1.997606
4200,Northern Ireland,1990,0.255673,1.142331,0.432511,7.333908,1.139189,4.206425,0.727899
4201,Northern Ireland,1991,0.255743,1.143074,0.435477,7.338656,1.158597,4.194433,0.738645
4202,Northern Ireland,1992,0.255825,1.143786,0.438856,7.343497,1.17584,4.183432,0.752983
4203,Northern Ireland,1993,0.255901,1.144345,0.442676,7.347276,1.188835,4.182662,0.769953
4204,Northern Ireland,1994,0.255987,1.144904,0.446564,7.350882,1.201648,4.18208,0.788908
4205,Northern Ireland,1995,0.256059,1.145321,0.450894,7.353203,1.209968,4.183956,0.80909
4206,Northern Ireland,1996,0.256106,1.145408,0.455523,7.433926,1.21271,4.211323,0.836298
4207,Northern Ireland,1997,0.256131,1.145149,0.461334,7.624226,1.209941,4.27364,0.873104
4208,Northern Ireland,1998,0.25614,1.144752,0.467429,7.851097,1.20608,4.345767,0.913754
4209,Northern Ireland,1999,0.256131,1.144393,0.47295,8.04148,1.202569,4.407233,0.952457
4210,Northern Ireland,2000,0.256128,1.144249,0.478323,8.122722,1.202795,4.434323,0.983963
4211,Northern Ireland,2001,0.256068,1.143955,0.484555,8.12421,1.213565,4.428738,1.011566
4212,Northern Ireland,2002,0.255942,1.143195,0.490502,8.124301,1.23506,4.411972,1.040547
4213,Northern Ireland,2003,0.255799,1.14221,0.495759,8.123016,1.259593,4.392598,1.067839
4214,Northern Ireland,2004,0.255731,1.141464,0.501391,8.121873,1.279568,4.373194,1.090236
4215,Northern Ireland,2005,0.255786,1.14112,0.505481,8.120422,1.290119,4.359502,1.10463
4216,Northern Ireland,2006,0.256572,1.141246,0.508594,8.120101,1.290842,4.353446,1.114038
4217,Northern Ireland,2007,0.258239,1.141401,0.512319,8.120254,1.287497,4.348938,1.123295
4218,Northern Ireland,2008,0.26019,1.141555,0.515163,8.120173,1.281803,4.343706,1.131147
4219,Northern Ireland,2009,0.261856,1.141716,0.517271,8.120131,1.27778,4.337592,1.136936
4220,Northern Ireland,2010,0.262633,1.141752,0.517956,8.119105,1.275676,4.329935,1.139556
4221,Northern Ireland,2011,0.262766,1.141775,0.518879,8.100132,1.273564,4.314688,1.140369
4222,Northern Ireland,2012,0.262886,1.141823,0.520493,8.048448,1.270463,4.292694,1.14145
4223,Northern Ireland,2013,0.262964,1.14191,0.521184,7.968593,1.264332,4.264932,1.142217
4224,Northern Ireland,2014,0.262999,1.142043,0.521777,7.865557,1.257378,4.231809,1.142811
4225,Northern Ireland,2015,0.262967,1.142171,0.522538,7.743813,1.24831,4.193336,1.143084
4226,Northern Ireland,2016,0.262852,1.142346,0.523092,7.60867,1.239,4.151499,1.142643
4227,Northern Ireland,2017,0.262631,1.142527,0.523497,7.46427,1.229126,4.105621,1.141167
4284,Oceania,1990,0.212169,0.420785,0.103544,3.179773,0.712287,3.14136,1.156091
4285,Oceania,1991,0.212246,0.420798,0.104242,3.182635,0.712552,3.153216,1.156655
4286,Oceania,1992,0.212314,0.420783,0.104806,3.18527,0.712427,3.165381,1.156908
4287,Oceania,1993,0.212372,0.420749,0.105301,3.187517,0.712547,3.175263,1.157024
4288,Oceania,1994,0.212424,0.420715,0.105548,3.189397,0.712933,3.181652,1.157122
4289,Oceania,1995,0.212463,0.420683,0.10596,3.190774,0.713349,3.185075,1.15722
4290,Oceania,1996,0.212565,0.420664,0.106077,3.191708,0.713882,3.184943,1.15731
4291,Oceania,1997,0.212766,0.420673,0.106257,3.192487,0.714937,3.18357,1.157409
4292,Oceania,1998,0.212992,0.420691,0.10671,3.193091,0.715927,3.181541,1.15751
4293,Oceania,1999,0.213172,0.420703,0.106975,3.193561,0.717078,3.17847,1.157662
4294,Oceania,2000,0.213223,0.420668,0.107,3.193745,0.717387,3.175504,1.157906
4295,Oceania,2001,0.21306,0.420573,0.106488,3.19352,0.718046,3.173444,1.158206
4296,Oceania,2002,0.212724,0.420442,0.106079,3.192981,0.717567,3.170047,1.158639
4297,Oceania,2003,0.212331,0.420307,0.105061,3.192409,0.718004,3.166477,1.159216
4298,Oceania,2004,0.211988,0.420183,0.104518,3.192013,0.717735,3.163551,1.160026
4299,Oceania,2005,0.211798,0.420072,0.104232,3.191927,0.718106,3.162163,1.161171
4300,Oceania,2006,0.211793,0.419983,0.104212,3.193009,0.718614,3.164591,1.164169
4301,Oceania,2007,0.211905,0.419919,0.104379,3.195491,0.720186,3.169781,1.169542
4302,Oceania,2008,0.21208,0.419869,0.104624,3.198514,0.722204,3.176988,1.175739
4303,Oceania,2009,0.212258,0.419804,0.10477,3.201127,0.723807,3.181582,1.181223
4304,Oceania,2010,0.212382,0.419707,0.105158,3.202444,0.725648,3.184199,1.184477
4305,Oceania,2011,0.212496,0.419593,0.105431,3.202956,0.726877,3.184475,1.186138
4306,Oceania,2012,0.212679,0.419499,0.105967,3.203746,0.729188,3.184268,1.187805
4307,Oceania,2013,0.212919,0.419411,0.106566,3.20464,0.730818,3.182886,1.189428
4308,Oceania,2014,0.213217,0.419342,0.107439,3.205696,0.732807,3.178764,1.191
4309,Oceania,2015,0.213565,0.419285,0.108272,3.206863,0.734726,3.175589,1.192458
4310,Oceania,2016,0.213953,0.419235,0.109346,3.208084,0.737492,3.171132,1.19373
4311,Oceania,2017,0.214379,0.419199,0.110457,3.209406,0.740219,3.164265,1.194757
4872,Scotland,1990,0.222692,0.99227,0.388131,4.675186,1.460569,4.279111,2.007203
4873,Scotland,1991,0.22299,0.994034,0.391916,4.684644,1.522229,4.267865,2.062547
4874,Scotland,1992,0.223292,0.995716,0.396655,4.692981,1.58006,4.258787,2.117739
4875,Scotland,1993,0.223572,0.997219,0.399895,4.699866,1.628771,4.249093,2.171741
4876,Scotland,1994,0.223793,0.998387,0.403719,4.704529,1.667263,4.241318,2.223464
4877,Scotland,1995,0.223938,0.999135,0.407834,4.706661,1.693561,4.235276,2.271841
4878,Scotland,1996,0.224029,0.999533,0.411552,4.70543,1.707965,4.231768,2.320508
4879,Scotland,1997,0.224145,0.999917,0.416152,4.70214,1.716471,4.231039,2.372101
4880,Scotland,1998,0.224268,1.000277,0.421083,4.698095,1.724172,4.228293,2.423146
4881,Scotland,1999,0.224404,1.000674,0.426082,4.695108,1.73093,4.224788,2.470642
4882,Scotland,2000,0.224527,1.001075,0.429406,4.694328,1.741172,4.219827,2.510949
4883,Scotland,2001,0.224715,0.995115,0.434192,4.697371,1.76277,4.20228,2.54528
4884,Scotland,2002,0.225049,0.980463,0.439858,4.704336,1.796411,4.173189,2.578107
4885,Scotland,2003,0.225476,0.962924,0.445608,4.713193,1.834081,4.141264,2.610874
4886,Scotland,2004,0.225907,0.948196,0.450898,4.721047,1.866489,4.113086,2.64466
4887,Scotland,2005,0.226262,0.942131,0.454419,4.725368,1.885429,4.099018,2.68028
4888,Scotland,2006,0.227578,0.942259,0.458471,4.727833,1.892465,4.098902,2.772495
4889,Scotland,2007,0.230318,0.942342,0.461975,4.731505,1.89692,4.10862,2.939093
4890,Scotland,2008,0.23353,0.94241,0.464536,4.735446,1.900663,4.122725,3.126243
4891,Scotland,2009,0.236251,0.942457,0.46708,4.738449,1.903229,4.135627,3.279698
4892,Scotland,2010,0.237515,0.942526,0.468854,4.739539,1.905613,4.141982,3.345024
4893,Scotland,2011,0.23772,0.942581,0.469512,4.739008,1.90981,4.142983,3.347887
4894,Scotland,2012,0.237922,0.942758,0.470642,4.738467,1.912068,4.145591,3.349686
4895,Scotland,2013,0.238117,0.94307,0.470877,4.738159,1.915469,4.147363,3.350166
4896,Scotland,2014,0.238283,0.943459,0.471684,4.73778,1.916777,4.151247,3.348684
4897,Scotland,2015,0.238414,0.943953,0.471939,4.73731,1.918987,4.155792,3.344777
4898,Scotland,2016,0.238487,0.944505,0.471486,4.736634,1.918939,4.15892,3.337728
4899,Scotland,2017,0.238492,0.945159,0.471236,4.73573,1.916412,4.161067,3.327027
5180,South Asia,1990,0.259988,0.555949,0.106406,3.443261,0.501729,3.762269,1.372664
5181,South Asia,1991,0.260061,0.556124,0.10685,3.440834,0.497203,3.799487,1.386363
5182,South Asia,1992,0.260113,0.556285,0.107416,3.43848,0.494536,3.833234,1.399871
5183,South Asia,1993,0.260148,0.55643,0.108096,3.436333,0.493024,3.861215,1.412055
5184,South Asia,1994,0.260164,0.556559,0.108822,3.434538,0.492577,3.882207,1.421675
5185,South Asia,1995,0.260164,0.556668,0.109632,3.433152,0.492564,3.894455,1.427674
5186,South Asia,1996,0.260137,0.556789,0.110589,3.430382,0.495185,3.900257,1.436629
5187,South Asia,1997,0.260082,0.556935,0.111796,3.425656,0.500749,3.902764,1.452361
5188,South Asia,1998,0.260018,0.557081,0.113122,3.420675,0.507803,3.904351,1.469981
5189,South Asia,1999,0.259965,0.557211,0.114632,3.417116,0.513574,3.905812,1.484648
5190,South Asia,2000,0.259941,0.557311,0.116011,3.416762,0.515993,3.909105,1.49146
5191,South Asia,2001,0.259974,0.557435,0.117439,3.420683,0.515988,3.918699,1.490635
5192,South Asia,2002,0.260068,0.557633,0.119012,3.427692,0.516145,3.934794,1.486618
5193,South Asia,2003,0.260201,0.557877,0.120662,3.435947,0.516243,3.95176,1.480883
5194,South Asia,2004,0.260349,0.55813,0.12239,3.443657,0.516333,3.963656,1.474922
5195,South Asia,2005,0.260483,0.558355,0.124118,3.449081,0.516659,3.96574,1.470208
5196,South Asia,2006,0.260666,0.558592,0.126056,3.449354,0.516704,3.922693,1.44758
5197,South Asia,2007,0.260937,0.558898,0.128297,3.444934,0.51664,3.826991,1.398061
5198,South Asia,2008,0.261231,0.559245,0.13074,3.438823,0.516599,3.714021,1.338319
5199,South Asia,2009,0.261479,0.5596,0.133305,3.433974,0.517513,3.617849,1.284946
5200,South Asia,2010,0.261614,0.559921,0.135786,3.433273,0.519364,3.574336,1.254476
5201,South Asia,2011,0.261542,0.560214,0.138237,3.435682,0.52167,3.569142,1.241462
5202,South Asia,2012,0.26124,0.56052,0.140826,3.438343,0.524172,3.564789,1.229777
5203,South Asia,2013,0.260733,0.560835,0.143598,3.441263,0.526896,3.561105,1.219935
5204,South Asia,2014,0.260053,0.561158,0.146404,3.444422,0.529719,3.559203,1.212489
5205,South Asia,2015,0.259223,0.561491,0.149292,3.447882,0.533039,3.559067,1.207925
5206,South Asia,2016,0.258262,0.561826,0.152269,3.451689,0.536553,3.560997,1.206652
5207,South Asia,2017,0.257193,0.562156,0.155251,3.455893,0.540559,3.566448,1.209075
5264,Southeast Asia,1990,0.21259,0.530353,0.10378,3.104497,0.602641,2.808887,0.859717
5265,Southeast Asia,1991,0.213245,0.530667,0.105216,3.104071,0.603582,2.809663,0.860402
5266,Southeast Asia,1992,0.213924,0.531004,0.10663,3.104224,0.604809,2.809867,0.861094
5267,Southeast Asia,1993,0.214593,0.531349,0.107941,3.104813,0.60614,2.809715,0.861918
5268,Southeast Asia,1994,0.215221,0.531693,0.109217,3.105775,0.607339,2.80934,0.86297
5269,Southeast Asia,1995,0.215769,0.532013,0.110292,3.107246,0.608353,2.808876,0.864227
5270,Southeast Asia,1996,0.21643,0.532363,0.111498,3.109888,0.610933,2.806493,0.866008
5271,Southeast Asia,1997,0.217325,0.5328,0.112675,3.114321,0.61501,2.801702,0.868029
5272,Southeast Asia,1998,0.218292,0.533289,0.11384,3.119526,0.61962,2.796119,0.869783
5273,Southeast Asia,1999,0.219172,0.533796,0.115013,3.12444,0.623,2.791642,0.870783
5274,Southeast Asia,2000,0.219791,0.534259,0.116013,3.127922,0.624802,2.788651,0.870476
5275,Southeast Asia,2001,0.220301,0.534821,0.117067,3.130541,0.624705,2.789447,0.868334
5276,Southeast Asia,2002,0.220932,0.535597,0.118037,3.133947,0.624317,2.79151,0.864751
5277,Southeast Asia,2003,0.221619,0.536456,0.119145,3.137647,0.624349,2.794947,0.860969
5278,Southeast Asia,2004,0.222283,0.537245,0.120238,3.141101,0.624354,2.798296,0.858176
5279,Southeast Asia,2005,0.222829,0.537765,0.121275,3.143531,0.624698,2.799024,0.857432
5280,Southeast Asia,2006,0.223349,0.538053,0.122582,3.145136,0.624471,2.797293,0.862535
5281,Southeast Asia,2007,0.223966,0.538299,0.124193,3.147172,0.622827,2.79355,0.873742
5282,Southeast Asia,2008,0.224626,0.538515,0.125961,3.14936,0.620877,2.789398,0.887175
5283,Southeast Asia,2009,0.225281,0.538718,0.127722,3.151407,0.619878,2.785994,0.899039
5284,Southeast Asia,2010,0.225872,0.53891,0.129565,3.153017,0.620692,2.783571,0.905399
5285,Southeast Asia,2011,0.226469,0.539135,0.131478,3.154217,0.623049,2.783757,0.907723
5286,Southeast Asia,2012,0.227154,0.539398,0.13347,3.155532,0.625374,2.785152,0.909914
5287,Southeast Asia,2013,0.227918,0.5397,0.135728,3.157019,0.628392,2.787306,0.911898
5288,Southeast Asia,2014,0.228747,0.540038,0.138108,3.158617,0.631666,2.790554,0.913667
5289,Southeast Asia,2015,0.229631,0.540419,0.140474,3.160389,0.635077,2.794906,0.915211
5290,Southeast Asia,2016,0.230559,0.540837,0.143057,3.162166,0.63916,2.800115,0.916475
5291,Southeast Asia,2017,0.231524,0.541305,0.14565,3.164195,0.643613,2.807239,0.917453
5292,"Southeast Asia, East Asia, and Oceania",1990,0.290036,0.369265,0.09185,3.116412,0.999331,3.37061,0.965219
5293,"Southeast Asia, East Asia, and Oceania",1991,0.290434,0.370106,0.093077,3.118137,1.005006,3.369828,0.983222
5294,"Southeast Asia, East Asia, and Oceania",1992,0.290861,0.370993,0.094336,3.120926,1.009155,3.367424,1.001
5295,"Southeast Asia, East Asia, and Oceania",1993,0.291307,0.371892,0.095601,3.124516,1.011931,3.362586,1.017522
5296,"Southeast Asia, East Asia, and Oceania",1994,0.291725,0.372766,0.096981,3.128552,1.013389,3.354994,1.031901
5297,"Southeast Asia, East Asia, and Oceania",1995,0.292037,0.373636,0.098333,3.133038,1.013274,3.344121,1.042766
5298,"Southeast Asia, East Asia, and Oceania",1996,0.292352,0.374444,0.09984,3.149548,1.01044,3.328616,1.05422
5299,"Southeast Asia, East Asia, and Oceania",1997,0.292752,0.375185,0.101562,3.182492,1.00432,3.310149,1.068852
5300,"Southeast Asia, East Asia, and Oceania",1998,0.293188,0.375848,0.103395,3.220433,0.99582,3.29037,1.08354
5301,"Southeast Asia, East Asia, and Oceania",1999,0.293589,0.376454,0.105285,3.252119,0.986433,3.272388,1.095232
5302,"Southeast Asia, East Asia, and Oceania",2000,0.293875,0.377048,0.107166,3.266332,0.977115,3.258242,1.100657
5303,"Southeast Asia, East Asia, and Oceania",2001,0.294186,0.37768,0.109024,3.259567,0.9669,3.248483,1.099592
5304,"Southeast Asia, East Asia, and Oceania",2002,0.294636,0.378426,0.11114,3.240463,0.955248,3.240761,1.095352
5305,"Southeast Asia, East Asia, and Oceania",2003,0.295168,0.379255,0.113337,3.215604,0.943427,3.234861,1.090309
5306,"Southeast Asia, East Asia, and Oceania",2004,0.295669,0.380066,0.115677,3.191789,0.932747,3.23044,1.086668
5307,"Southeast Asia, East Asia, and Oceania",2005,0.295995,0.380711,0.117979,3.17569,0.924959,3.22534,1.08639
5308,"Southeast Asia, East Asia, and Oceania",2006,0.296339,0.381276,0.12045,3.166455,0.918776,3.224411,1.093815
5309,"Southeast Asia, East Asia, and Oceania",2007,0.296892,0.381946,0.123101,3.158526,0.913455,3.229495,1.108663
5310,"Southeast Asia, East Asia, and Oceania",2008,0.297552,0.382663,0.125951,3.151064,0.909122,3.236751,1.126197
5311,"Southeast Asia, East Asia, and Oceania",2009,0.298199,0.383402,0.128874,3.143468,0.907142,3.24202,1.141569
5312,"Southeast Asia, East Asia, and Oceania",2010,0.298716,0.384089,0.131776,3.135074,0.907355,3.241486,1.149861
5313,"Southeast Asia, East Asia, and Oceania",2011,0.299215,0.384723,0.134697,3.125635,0.910198,3.236847,1.152721
5314,"Southeast Asia, East Asia, and Oceania",2012,0.299836,0.385403,0.137682,3.115595,0.915008,3.231047,1.154939
5315,"Southeast Asia, East Asia, and Oceania",2013,0.300552,0.386158,0.140934,3.105115,0.921457,3.224032,1.156325
5316,"Southeast Asia, East Asia, and Oceania",2014,0.301336,0.386982,0.144117,3.094221,0.929602,3.215535,1.156518
5317,"Southeast Asia, East Asia, and Oceania",2015,0.302148,0.387795,0.147361,3.082865,0.939551,3.205293,1.155089
5318,"Southeast Asia, East Asia, and Oceania",2016,0.303047,0.388659,0.15079,3.071804,0.951093,3.193685,1.152061
5319,"Southeast Asia, East Asia, and Oceania",2017,0.303991,0.389567,0.154266,3.061018,0.964306,3.180873,1.147284
5320,Southern Latin America,1990,0.194859,0.761556,0.317495,6.173949,0.930352,3.780392,1.945141
5321,Southern Latin America,1991,0.194656,0.762374,0.32113,6.181504,0.924618,3.787116,2.016718
5322,Southern Latin America,1992,0.194535,0.763199,0.324847,6.188588,0.920564,3.792467,2.084061
5323,Southern Latin America,1993,0.194497,0.764017,0.328796,6.195165,0.917223,3.797189,2.141898
5324,Southern Latin America,1994,0.194543,0.764801,0.33293,6.201045,0.915675,3.801884,2.184786
5325,Southern Latin America,1995,0.194664,0.765498,0.33663,6.205953,0.914819,3.805898,2.207288
5326,Southern Latin America,1996,0.194959,0.766272,0.34167,6.210207,0.914431,3.810704,2.222538
5327,Southern Latin America,1997,0.195451,0.767243,0.346724,6.214426,0.915033,3.814376,2.243886
5328,Southern Latin America,1998,0.196013,0.768258,0.352165,6.218527,0.916338,3.816244,2.26619
5329,Southern Latin America,1999,0.196515,0.769176,0.356687,6.222512,0.918722,3.818803,2.284216
5330,Southern Latin America,2000,0.196834,0.769883,0.359117,6.226633,0.922037,3.819786,2.293182
5331,Southern Latin America,2001,0.196971,0.770697,0.3597,6.232522,0.929872,3.818827,2.295483
5332,Southern Latin America,2002,0.19706,0.771934,0.360522,6.241228,0.940354,3.816907,2.296415
5333,Southern Latin America,2003,0.197111,0.773236,0.360163,6.250085,0.953252,3.814345,2.295173
5334,Southern Latin America,2004,0.197158,0.774329,0.360576,6.257263,0.966563,3.811117,2.291289
5335,Southern Latin America,2005,0.197227,0.774918,0.361698,6.261043,0.976501,3.806509,2.284276
5336,Southern Latin America,2006,0.197355,0.775133,0.363767,6.262458,0.98566,3.796182,2.248001
5337,Southern Latin America,2007,0.19756,0.775408,0.367606,6.264511,0.994005,3.781517,2.173819
5338,Southern Latin America,2008,0.197791,0.775695,0.372274,6.266762,1.002462,3.765888,2.087297
5339,Southern Latin America,2009,0.197997,0.775954,0.377687,6.26875,1.009189,3.752985,2.014255
5340,Southern Latin America,2010,0.198134,0.776176,0.3814,6.270348,1.015928,3.747758,1.98054
5341,Southern Latin America,2011,0.198224,0.776361,0.38472,6.271413,1.021525,3.747568,1.975385
5342,Southern Latin America,2012,0.198343,0.776636,0.388886,6.27295,1.02806,3.749193,1.971114
5343,Southern Latin America,2013,0.198476,0.776953,0.392229,6.274584,1.0356,3.751736,1.967858
5344,Southern Latin America,2014,0.198618,0.777311,0.396368,6.27631,1.043441,3.755761,1.965836
5345,Southern Latin America,2015,0.198767,0.777711,0.399998,6.278151,1.051341,3.760312,1.965119
5346,Southern Latin America,2016,0.198906,0.7781,0.403636,6.279755,1.06078,3.765739,1.9657
5347,Southern Latin America,2017,0.199042,0.778532,0.407336,6.281627,1.069045,3.772206,1.967898
5348,Southern Sub-Saharan Africa,1990,0.173836,0.621853,0.183132,3.753456,1.084346,3.6818,1.625635
5349,Southern Sub-Saharan Africa,1991,0.173827,0.622249,0.18229,3.753998,1.103203,3.675689,1.647638
5350,Southern Sub-Saharan Africa,1992,0.173822,0.622636,0.181635,3.756098,1.119227,3.670145,1.664909
5351,Southern Sub-Saharan Africa,1993,0.173822,0.622995,0.181102,3.759322,1.131647,3.665443,1.677749
5352,Southern Sub-Saharan Africa,1994,0.173836,0.623328,0.180856,3.763308,1.140071,3.66181,1.686248
5353,Southern Sub-Saharan Africa,1995,0.173865,0.623616,0.180927,3.767756,1.144199,3.660446,1.690349
5354,Southern Sub-Saharan Africa,1996,0.173869,0.623886,0.181109,3.778438,1.142573,3.658044,1.68487
5355,Southern Sub-Saharan Africa,1997,0.173827,0.624141,0.181394,3.797298,1.134843,3.652783,1.669559
5356,Southern Sub-Saharan Africa,1998,0.173779,0.624394,0.181681,3.819116,1.124079,3.647066,1.64971
5357,Southern Sub-Saharan Africa,1999,0.173763,0.624645,0.181945,3.838537,1.11153,3.644415,1.630489
5358,Southern Sub-Saharan Africa,2000,0.173821,0.624907,0.182547,3.850212,1.100682,3.645313,1.617103
5359,Southern Sub-Saharan Africa,2001,0.173991,0.6252,0.183029,3.856243,1.085572,3.653945,1.606746
5360,Southern Sub-Saharan Africa,2002,0.174255,0.625534,0.18389,3.861799,1.062842,3.66961,1.595069
5361,Southern Sub-Saharan Africa,2003,0.174562,0.625906,0.185067,3.86644,1.036762,3.68622,1.583843
5362,Southern Sub-Saharan Africa,2004,0.174853,0.626301,0.186055,3.869723,1.013155,3.699285,1.574827
5363,Southern Sub-Saharan Africa,2005,0.175076,0.626707,0.186867,3.871294,0.996834,3.70514,1.569752
5364,Southern Sub-Saharan Africa,2006,0.175259,0.627199,0.187719,3.864565,0.988309,3.700066,1.576105
5365,Southern Sub-Saharan Africa,2007,0.175467,0.62782,0.188756,3.8476,0.982516,3.687276,1.594822
5366,Southern Sub-Saharan Africa,2008,0.175688,0.628484,0.189831,3.826992,0.977543,3.671724,1.617853
5367,Southern Sub-Saharan Africa,2009,0.175898,0.629078,0.190858,3.80916,0.97262,3.657643,1.636831
5368,Southern Sub-Saharan Africa,2010,0.176082,0.629504,0.191497,3.800552,0.965996,3.650717,1.643255
5369,Southern Sub-Saharan Africa,2011,0.176253,0.629812,0.192009,3.798711,0.957232,3.650125,1.639172
5370,Southern Sub-Saharan Africa,2012,0.176438,0.630134,0.192727,3.79714,0.947452,3.651007,1.632174
5371,Southern Sub-Saharan Africa,2013,0.17664,0.630467,0.193352,3.796021,0.935904,3.653737,1.622304
5372,Southern Sub-Saharan Africa,2014,0.176855,0.630797,0.194306,3.795436,0.923635,3.658812,1.609546
5373,Southern Sub-Saharan Africa,2015,0.177084,0.631122,0.194947,3.795469,0.910375,3.666982,1.593894
5374,Southern Sub-Saharan Africa,2016,0.177328,0.631436,0.195599,3.796264,0.896019,3.678232,1.575362
5375,Southern Sub-Saharan Africa,2017,0.177591,0.631753,0.196458,3.798155,0.88095,3.692727,1.553901
5432,Sub-Saharan Africa,1990,0.164766,0.62282,0.119056,3.280124,0.542786,3.821257,1.306583
5433,Sub-Saharan Africa,1991,0.164663,0.622881,0.117828,3.280468,0.548078,3.81791,1.307072
5434,Sub-Saharan Africa,1992,0.164553,0.622943,0.116722,3.280439,0.552596,3.815671,1.307107
5435,Sub-Saharan Africa,1993,0.164465,0.623022,0.115804,3.27975,0.555877,3.813609,1.303991
5436,Sub-Saharan Africa,1994,0.164392,0.623122,0.115103,3.279385,0.558254,3.812952,1.300789
5437,Sub-Saharan Africa,1995,0.164324,0.623214,0.114687,3.279613,0.559421,3.814087,1.300678
5438,Sub-Saharan Africa,1996,0.164217,0.623324,0.11432,3.280336,0.559472,3.818807,1.300666
5439,Sub-Saharan Africa,1997,0.164053,0.62348,0.114031,3.281757,0.558669,3.827893,1.299308
5440,Sub-Saharan Africa,1998,0.163894,0.623669,0.113845,3.282972,0.557414,3.838032,1.295981
5441,Sub-Saharan Africa,1999,0.163789,0.623861,0.113722,3.283814,0.555716,3.846713,1.292225
5442,Sub-Saharan Africa,2000,0.163787,0.624023,0.113703,3.283997,0.553809,3.850067,1.289007
5443,Sub-Saharan Africa,2001,0.163945,0.624198,0.114065,3.283859,0.551217,3.849906,1.28582
5444,Sub-Saharan Africa,2002,0.164243,0.624433,0.114713,3.283862,0.547823,3.848166,1.282188
5445,Sub-Saharan Africa,2003,0.164615,0.624706,0.115596,3.283956,0.543823,3.845635,1.278681
5446,Sub-Saharan Africa,2004,0.16499,0.624984,0.116624,3.284001,0.540357,3.842866,1.275745
5447,Sub-Saharan Africa,2005,0.1653,0.625235,0.117685,3.284138,0.53768,3.840915,1.274287
5448,Sub-Saharan Africa,2006,0.165625,0.625524,0.118788,3.284346,0.536443,3.83898,1.278384
5449,Sub-Saharan Africa,2007,0.166054,0.62592,0.120084,3.284684,0.53586,3.836739,1.288799
5450,Sub-Saharan Africa,2008,0.166521,0.62637,0.12157,3.285361,0.535543,3.833955,1.301398
5451,Sub-Saharan Africa,2009,0.166957,0.626806,0.123057,3.286403,0.535287,3.831525,1.312108
5452,Sub-Saharan Africa,2010,0.16729,0.627148,0.124243,3.287644,0.534913,3.830087,1.316798
5453,Sub-Saharan Africa,2011,0.167558,0.627426,0.125424,3.28936,0.534495,3.82805,1.317089
5454,Sub-Saharan Africa,2012,0.16785,0.627736,0.126741,3.291722,0.534359,3.823853,1.31719
5455,Sub-Saharan Africa,2013,0.168161,0.628081,0.128143,3.294429,0.534085,3.817336,1.31674
5456,Sub-Saharan Africa,2014,0.168487,0.628458,0.129654,3.297397,0.534224,3.809073,1.315695
5457,Sub-Saharan Africa,2015,0.16882,0.628854,0.131156,3.300578,0.534563,3.799032,1.314148
5458,Sub-Saharan Africa,2016,0.169153,0.629259,0.132613,3.304061,0.534922,3.788201,1.312215
5459,Sub-Saharan Africa,2017,0.169483,0.629672,0.13409,3.30785,0.535481,3.776132,1.309799
5852,Tropical Latin America,1990,0.200498,1.092475,0.232292,5.579634,0.932738,3.516405,2.410733
5853,Tropical Latin America,1991,0.200866,1.093807,0.233012,5.573828,0.937168,3.511906,2.416815
5854,Tropical Latin America,1992,0.201211,1.095097,0.233865,5.573584,0.941166,3.513359,2.427242
5855,Tropical Latin America,1993,0.201512,1.096268,0.234739,5.577359,0.944336,3.519346,2.440961
5856,Tropical Latin America,1994,0.201754,1.097264,0.235779,5.583646,0.946535,3.527202,2.45696
5857,Tropical Latin America,1995,0.201921,1.098005,0.236572,5.590868,0.947662,3.53611,2.474222
5858,Tropical Latin America,1996,0.202023,1.098545,0.237651,5.641614,0.948168,3.594574,2.50539
5859,Tropical Latin America,1997,0.202096,1.099003,0.239471,5.755683,0.948742,3.723563,2.555202
5860,Tropical Latin America,1998,0.20215,1.099383,0.241373,5.897491,0.949231,3.875881,2.610862
5861,Tropical Latin America,1999,0.202194,1.099679,0.242976,6.031382,0.949953,4.005001,2.659426
5862,Tropical Latin America,2000,0.202238,1.0999,0.244263,6.121811,0.950425,4.066278,2.687961
5863,Tropical Latin America,2001,0.202301,1.100128,0.245085,6.184015,0.952274,4.074942,2.695607
5864,Tropical Latin America,2002,0.202387,1.100416,0.245888,6.250398,0.956014,4.078873,2.693334
5865,Tropical Latin America,2003,0.202487,1.100746,0.246603,6.311277,0.960249,4.077699,2.686148
5866,Tropical Latin America,2004,0.202592,1.101082,0.247551,6.356823,0.964289,4.071185,2.678965
5867,Tropical Latin America,2005,0.202692,1.101386,0.248613,6.377199,0.967219,4.059441,2.67673
5868,Tropical Latin America,2006,0.202891,1.101858,0.250215,6.381368,0.973226,3.99778,2.680199
5869,Tropical Latin America,2007,0.203241,1.102632,0.252949,6.384663,0.984603,3.869441,2.685715
5870,Tropical Latin America,2008,0.203655,1.103549,0.255996,6.386379,0.998126,3.713844,2.691742
5871,Tropical Latin America,2009,0.204035,1.104382,0.259087,6.385446,1.010318,3.570569,2.696587
5872,Tropical Latin America,2010,0.204286,1.104942,0.261598,6.380987,1.017812,3.481765,2.698627
5873,Tropical Latin America,2011,0.204443,1.105236,0.263742,6.367228,1.021723,3.435482,2.698248
5874,Tropical Latin America,2012,0.20461,1.105475,0.265994,6.340568,1.025484,3.39518,2.696908
5875,Tropical Latin America,2013,0.204782,1.105661,0.268089,6.302583,1.029663,3.360067,2.694604
5876,Tropical Latin America,2014,0.204954,1.105785,0.270093,6.254773,1.033965,3.330987,2.691313
5877,Tropical Latin America,2015,0.205124,1.105847,0.272107,6.198647,1.037883,3.309015,2.687042
5878,Tropical Latin America,2016,0.205289,1.10585,0.274052,6.135744,1.04177,3.294637,2.681842
5879,Tropical Latin America,2017,0.205442,1.10578,0.275815,6.067563,1.044754,3.287515,2.675569
6272,Wales,1990,0.246961,0.934072,0.409563,4.724888,1.313166,4.222233,1.199863
6273,Wales,1991,0.247287,0.935013,0.412417,4.728535,1.349868,4.228694,1.20473
6274,Wales,1992,0.247585,0.935941,0.416556,4.732132,1.385771,4.235766,1.214151
6275,Wales,1993,0.247835,0.936804,0.420587,4.735401,1.418488,4.240356,1.227244
6276,Wales,1994,0.248024,0.93755,0.42474,4.738113,1.447697,4.244111,1.243333
6277,Wales,1995,0.248155,0.938196,0.428487,4.740407,1.470004,4.24647,1.261737
6278,Wales,1996,0.248192,0.938633,0.433285,4.741018,1.492655,4.245148,1.288329
6279,Wales,1997,0.248162,0.938958,0.439184,4.740333,1.51607,4.23964,1.325699
6280,Wales,1998,0.248111,0.939235,0.445831,4.739079,1.539475,4.232548,1.36808
6281,Wales,1999,0.248077,0.939441,0.452423,4.737734,1.559278,4.224584,1.409836
6282,Wales,2000,0.248118,0.939679,0.457765,4.737446,1.575997,4.214587,1.445339
6283,Wales,2001,0.24839,0.939435,0.463624,4.739795,1.592996,4.199707,1.477338
6284,Wales,2002,0.248924,0.938575,0.470157,4.745525,1.616679,4.174793,1.510403
6285,Wales,2003,0.249566,0.937549,0.476988,4.752576,1.639149,4.147932,1.541963
6286,Wales,2004,0.250154,0.936771,0.482381,4.758931,1.653773,4.120989,1.569145
6287,Wales,2005,0.250523,0.93668,0.486747,4.762628,1.656305,4.101882,1.588979
6288,Wales,2006,0.250706,0.936957,0.487719,4.764624,1.64434,4.08457,1.603575
6289,Wales,2007,0.250892,0.937297,0.489763,4.768134,1.623885,4.066973,1.616499
6290,Wales,2008,0.251077,0.937631,0.491397,4.771868,1.602967,4.052144,1.62808
6291,Wales,2009,0.251227,0.937842,0.492582,4.774447,1.585441,4.041017,1.637943
6292,Wales,2010,0.251325,0.937905,0.493399,4.774795,1.578817,4.036267,1.645533
6293,Wales,2011,0.251378,0.937842,0.493484,4.773548,1.578331,4.035462,1.651917
6294,Wales,2012,0.251427,0.937945,0.494554,4.772981,1.577196,4.036277,1.657262
6295,Wales,2013,0.251469,0.938094,0.495666,4.772674,1.574874,4.038315,1.662273
6296,Wales,2014,0.251519,0.938353,0.496754,4.773071,1.571537,4.042568,1.666927
6297,Wales,2015,0.251561,0.938674,0.497448,4.7739,1.568814,4.047331,1.670958
6298,Wales,2016,0.251592,0.939038,0.498985,4.77515,1.566269,4.056699,1.674253
6299,Wales,2017,0.2516,0.939463,0.499407,4.776627,1.563404,4.069289,1.676438
6300,Western Europe,1990,0.257335,0.935518,0.495201,5.708253,1.040638,4.114104,1.340411
6301,Western Europe,1991,0.257925,0.936338,0.49911,5.732525,1.041509,4.089531,1.346856
6302,Western Europe,1992,0.258431,0.936996,0.503046,5.754188,1.043455,4.066709,1.352993
6303,Western Europe,1993,0.258852,0.937605,0.506919,5.770978,1.046185,4.046522,1.35826
6304,Western Europe,1994,0.259177,0.938213,0.510332,5.780949,1.05011,4.031301,1.362564
6305,Western Europe,1995,0.259383,0.938676,0.513446,5.782262,1.054345,4.021209,1.365798
6306,Western Europe,1996,0.25945,0.939119,0.516684,5.776634,1.062565,4.010924,1.369079
6307,Western Europe,1997,0.259423,0.939564,0.520709,5.768426,1.076499,3.995811,1.373168
6308,Western Europe,1998,0.25936,0.940005,0.524996,5.758959,1.092831,3.978273,1.377275
6309,Western Europe,1999,0.259323,0.940443,0.52923,5.749906,1.108713,3.963396,1.380864
6310,Western Europe,2000,0.259377,0.940846,0.533074,5.743289,1.120628,3.954296,1.383446
6311,Western Europe,2001,0.25955,0.940996,0.536735,5.7329,1.131687,3.946538,1.381589
6312,Western Europe,2002,0.259799,0.940795,0.540921,5.715739,1.145739,3.936399,1.375221
6313,Western Europe,2003,0.260072,0.940515,0.544966,5.697086,1.160166,3.924326,1.36754
6314,Western Europe,2004,0.260303,0.940395,0.548814,5.682114,1.172541,3.913169,1.361735
6315,Western Europe,2005,0.26044,0.940611,0.552326,5.676314,1.180062,3.904091,1.361468
6316,Western Europe,2006,0.26047,0.941163,0.555458,5.68174,1.182929,3.90263,1.370816
6317,Western Europe,2007,0.260435,0.941749,0.559095,5.694132,1.182918,3.911034,1.38803
6318,Western Europe,2008,0.260376,0.942345,0.562895,5.708416,1.181689,3.923038,1.407298
6319,Western Europe,2009,0.260322,0.942882,0.565988,5.719652,1.179014,3.932827,1.422725
6320,Western Europe,2010,0.260304,0.943295,0.568433,5.72299,1.176196,3.936471,1.428934
6321,Western Europe,2011,0.260317,0.943594,0.570083,5.720597,1.173328,3.935022,1.427224
6322,Western Europe,2012,0.260337,0.943659,0.57145,5.718654,1.168979,3.933954,1.423862
6323,Western Europe,2013,0.260377,0.943633,0.572816,5.716689,1.163853,3.932569,1.418129
6324,Western Europe,2014,0.26045,0.943512,0.574132,5.714403,1.158034,3.931436,1.409572
6325,Western Europe,2015,0.260566,0.943262,0.57521,5.71185,1.151362,3.929767,1.39793
6326,Western Europe,2016,0.260731,0.942492,0.575355,5.708916,1.14349,3.926697,1.384357
6327,Western Europe,2017,0.26096,0.94247,0.575873,5.705456,1.134884,3.924404,1.363893
6328,Western Sub-Saharan Africa,1990,0.170162,0.632045,0.120713,2.874557,0.438111,3.688272,0.95028
6329,Western Sub-Saharan Africa,1991,0.16998,0.632023,0.119234,2.872962,0.442809,3.678312,0.943597
6330,Western Sub-Saharan Africa,1992,0.169807,0.632006,0.117842,2.871496,0.4469,3.672422,0.937657
6331,Western Sub-Saharan Africa,1993,0.169654,0.631988,0.11672,2.870202,0.450138,3.66846,0.932877
6332,Western Sub-Saharan Africa,1994,0.169527,0.631967,0.115894,2.869117,0.453232,3.666975,0.929705
6333,Western Sub-Saharan Africa,1995,0.169435,0.631943,0.115539,2.868289,0.455222,3.66699,0.928563
6334,Western Sub-Saharan Africa,1996,0.169335,0.631934,0.115262,2.867306,0.456492,3.67709,0.92903
6335,Western Sub-Saharan Africa,1997,0.169201,0.631949,0.115028,2.865951,0.457604,3.700782,0.930132
6336,Western Sub-Saharan Africa,1998,0.169074,0.631983,0.114925,2.864564,0.458732,3.729319,0.931488
6337,Western Sub-Saharan Africa,1999,0.168986,0.632024,0.114875,2.863475,0.459864,3.754058,0.932706
6338,Western Sub-Saharan Africa,2000,0.168978,0.632071,0.114892,2.863058,0.460731,3.765528,0.933394
6339,Western Sub-Saharan Africa,2001,0.169139,0.632166,0.115556,2.863199,0.461976,3.766076,0.933354
6340,Western Sub-Saharan Africa,2002,0.16948,0.632335,0.116748,2.86362,0.463909,3.762139,0.932867
6341,Western Sub-Saharan Africa,2003,0.169919,0.63255,0.118203,2.864367,0.465105,3.756588,0.932283
6342,Western Sub-Saharan Africa,2004,0.170369,0.632771,0.120043,2.865447,0.466658,3.752684,0.931926
6343,Western Sub-Saharan Africa,2005,0.17075,0.632965,0.121765,2.866904,0.467428,3.753558,0.932122
6344,Western Sub-Saharan Africa,2006,0.171139,0.633189,0.12366,2.870115,0.46847,3.76257,0.935531
6345,Western Sub-Saharan Africa,2007,0.171627,0.633518,0.125577,2.875697,0.469623,3.779727,0.942865
6346,Western Sub-Saharan Africa,2008,0.172148,0.633915,0.127832,2.882248,0.47093,3.798017,0.951593
6347,Western Sub-Saharan Africa,2009,0.172626,0.634322,0.129921,2.888281,0.472327,3.814276,0.959189
6348,Western Sub-Saharan Africa,2010,0.172978,0.634663,0.131519,2.892234,0.473447,3.823527,0.963109
6349,Western Sub-Saharan Africa,2011,0.173259,0.634971,0.133096,2.894652,0.47482,3.823984,0.964354
6350,Western Sub-Saharan Africa,2012,0.173572,0.635332,0.13477,2.897159,0.476464,3.818607,0.965512
6351,Western Sub-Saharan Africa,2013,0.173905,0.635737,0.136469,2.899641,0.477964,3.80578,0.966526
6352,Western Sub-Saharan Africa,2014,0.174254,0.636185,0.138116,2.902038,0.480415,3.78775,0.967383
6353,Western Sub-Saharan Africa,2015,0.174616,0.636682,0.139784,2.904311,0.482921,3.76285,0.968057
6354,Western Sub-Saharan Africa,2016,0.17498,0.637211,0.141193,2.90635,0.485547,3.733871,0.968472
6355,Western Sub-Saharan Africa,2017,0.17534,0.637776,0.142431,2.908183,0.488562,3.699654,0.968598
6356,World,1990,0.253503,0.585743,0.177865,3.774653,0.90085,3.541656,1.438494
6357,World,1991,0.253542,0.58599,0.178034,3.77276,0.900952,3.545953,1.444019
6358,World,1992,0.25358,0.586309,0.178218,3.771018,0.901787,3.54909,1.449593
6359,World,1993,0.253643,0.586637,0.178419,3.76986,0.903045,3.550657,1.454155
6360,World,1994,0.2537,0.58693,0.178688,3.769128,0.904346,3.550852,1.457587
6361,World,1995,0.253706,0.587206,0.178983,3.7686,0.905352,3.548757,1.459594
6362,World,1996,0.253686,0.58744,0.179485,3.774325,0.907855,3.545771,1.464267
6363,World,1997,0.25368,0.587637,0.180134,3.78865,0.912141,3.542639,1.473627
6364,World,1998,0.253694,0.587752,0.180911,3.805902,0.916817,3.539295,1.484032
6365,World,1999,0.253714,0.587791,0.181829,3.820742,0.920007,3.536604,1.492134
6366,World,2000,0.253714,0.587828,0.182665,3.827818,0.920009,3.533869,1.494452
6367,World,2001,0.253727,0.587877,0.183632,3.826978,0.917895,3.532534,1.490313
6368,World,2002,0.253782,0.58799,0.184887,3.822782,0.915672,3.532172,1.482697
6369,World,2003,0.253864,0.588218,0.186265,3.817055,0.91355,3.532221,1.473949
6370,World,2004,0.253943,0.588534,0.187741,3.811635,0.911474,3.532197,1.466238
6371,World,2005,0.25396,0.588873,0.189126,3.808009,0.909666,3.530434,1.461434
6372,World,2006,0.254033,0.589322,0.190702,3.805492,0.908198,3.520343,1.458861
6373,World,2007,0.254239,0.589987,0.192643,3.802539,0.907976,3.499569,1.455841
6374,World,2008,0.254486,0.59077,0.1948,3.799581,0.90868,3.47521,1.452283
6375,World,2009,0.254696,0.591622,0.196916,3.796921,0.910655,3.454304,1.448085
6376,World,2010,0.254797,0.592331,0.198731,3.794097,0.911891,3.444114,1.443476
6377,World,2011,0.254794,0.59301,0.200379,3.791093,0.91385,3.442548,1.438439
6378,World,2012,0.254757,0.593757,0.202116,3.787528,0.916861,3.441271,1.432944
6379,World,2013,0.254687,0.594552,0.203977,3.783535,0.920595,3.440182,1.426957
6380,World,2014,0.254594,0.595386,0.205833,3.779191,0.924949,3.439698,1.420393
6381,World,2015,0.254459,0.596222,0.207672,3.774285,0.929892,3.439238,1.413051
6382,World,2016,0.254282,0.59714,0.209525,3.769698,0.935503,3.439675,1.405176
6383,World,2017,0.254055,0.598083,0.211304,3.764811,0.941628,3.441087,1.396497
